trip_id,segment_id,route_id,route_name,stop_sequence,route_id_in_processed_reference,stops_in_processed_reference,official_route_membership,official_stop_sequence,road_route_polyline,geometry_method,median_distance_to_reference_stops_m,p95_distance_to_reference_stops_m,max_distance_to_reference_stops_m,status_reason
trip_000301,1,7016,Seoul city bus 7016,동교동삼거리연희동방면 > 공덕역(중),PASS,PASS,NOT_VERIFIABLE,NOT_VERIFIABLE,NO,piecewise straight interpolation between selected OSM stop coordinates,624.750,1257.099,1327.457,"public route ID and OSM stop positions are present, but the official Seoul route file was not imported"
trip_000302,1,7016,Seoul city bus 7016,동교동삼거리연희동방면 > 공덕역(중),PASS,PASS,NOT_VERIFIABLE,NOT_VERIFIABLE,NO,piecewise straight interpolation between selected OSM stop coordinates,628.877,1242.537,1322.962,"public route ID and OSM stop positions are present, but the official Seoul route file was not imported"
trip_000303,1,740,Seoul city bus 740,연신내역.연서시장 > 시청덕수궁 > 강남역,PASS,PASS,NOT_VERIFIABLE,NOT_VERIFIABLE,NO,piecewise straight interpolation between selected OSM stop coordinates,2016.305,3447.657,3864.408,"public route ID and OSM stop positions are present, but the official Seoul route file was not imported"
trip_000304,1,740,Seoul city bus 740,시청덕수궁 > 강남역,PASS,PASS,NOT_VERIFIABLE,NOT_VERIFIABLE,NO,piecewise straight interpolation between selected OSM stop coordinates,2021.115,3176.376,3459.299,"public route ID and OSM stop positions are present, but the official Seoul route file was not imported"
trip_000305,1,7016,Seoul city bus 7016,동교동삼거리연희동방면 > 공덕역(중),PASS,PASS,NOT_VERIFIABLE,NOT_VERIFIABLE,NO,piecewise straight interpolation between selected OSM stop coordinates,602.529,1237.119,1328.219,"public route ID and OSM stop positions are present, but the official Seoul route file was not imported"
trip_000306,1,402,Seoul city bus 402,시청덕수궁 > 강남역 > 동대문역.2번출구,PASS,PASS,NOT_VERIFIABLE,NOT_VERIFIABLE,NO,piecewise straight interpolation between selected OSM stop coordinates,2220.791,4078.477,4357.445,"public route ID and OSM stop positions are present, but the official Seoul route file was not imported"
trip_000307,1,421,Seoul city bus 421,약수역2번출구.가온도서관 > 압구정역4번출구 > Airport Bus > 청량리미주상가앞,PASS,PASS,NOT_VERIFIABLE,NOT_VERIFIABLE,NO,piecewise straight interpolation between selected OSM stop coordinates,1196.135,2048.624,2305.160,"public route ID and OSM stop positions are present, but the official Seoul route file was not imported"
trip_000308,1,402,Seoul city bus 402,시청덕수궁 > 강남역,PASS,PASS,NOT_VERIFIABLE,NOT_VERIFIABLE,NO,piecewise straight interpolation between selected OSM stop coordinates,2041.981,4080.709,4358.424,"public route ID and OSM stop positions are present, but the official Seoul route file was not imported"
trip_000309,1,7016,Seoul city bus 7016,동교동삼거리연희동방면 > 공덕역(중),PASS,PASS,NOT_VERIFIABLE,NOT_VERIFIABLE,NO,piecewise straight interpolation between selected OSM stop coordinates,577.118,1233.525,1308.065,"public route ID and OSM stop positions are present, but the official Seoul route file was not imported"
trip_000310,1,421,Seoul city bus 421,약수역2번출구.가온도서관 > 압구정역4번출구,PASS,PASS,NOT_VERIFIABLE,NOT_VERIFIABLE,NO,piecewise straight interpolation between selected OSM stop coordinates,831.583,1664.757,1772.542,"public route ID and OSM stop positions are present, but the official Seoul route file was not imported"
trip_000311,1,402,Seoul city bus 402,창동이마트 > 시청덕수궁 > 강남역 > 동대문역.2번출구,PASS,PASS,NOT_VERIFIABLE,NOT_VERIFIABLE,NO,piecewise straight interpolation between selected OSM stop coordinates,2203.344,4160.478,4821.359,"public route ID and OSM stop positions are present, but the official Seoul route file was not imported"
trip_000312,1,421,Seoul city bus 421,압구정역4번출구 > Airport Bus > 청량리미주상가앞,PASS,PASS,NOT_VERIFIABLE,NOT_VERIFIABLE,NO,piecewise straight interpolation between selected OSM stop coordinates,1185.403,2086.828,2301.252,"public route ID and OSM stop positions are present, but the official Seoul route file was not imported"
trip_000313,1,740,Seoul city bus 740,시청덕수궁 > 강남역,PASS,PASS,NOT_VERIFIABLE,NOT_VERIFIABLE,NO,piecewise straight interpolation between selected OSM stop coordinates,2028.953,3210.531,3450.807,"public route ID and OSM stop positions are present, but the official Seoul route file was not imported"
trip_000314,1,421,Seoul city bus 421,약수역2번출구.가온도서관 > 압구정역4번출구,PASS,PASS,NOT_VERIFIABLE,NOT_VERIFIABLE,NO,piecewise straight interpolation between selected OSM stop coordinates,870.656,1675.405,1798.370,"public route ID and OSM stop positions are present, but the official Seoul route file was not imported"
trip_000315,1,143,Seoul city bus 143,창동이마트 > 왕십리민자역사 > 압구정역4번출구 > 고속터미널(중),PASS,PASS,NOT_VERIFIABLE,NOT_VERIFIABLE,NO,piecewise straight interpolation between selected OSM stop coordinates,1426.164,4656.323,5011.418,"public route ID and OSM stop positions are present, but the official Seoul route file was not imported"
trip_000316,1,740,Seoul city bus 740,연신내역.연서시장 > 시청덕수궁,PASS,PASS,NOT_VERIFIABLE,NOT_VERIFIABLE,NO,piecewise straight interpolation between selected OSM stop coordinates,1869.371,3644.072,3873.245,"public route ID and OSM stop positions are present, but the official Seoul route file was not imported"
trip_000317,1,740,Seoul city bus 740,약수역2번출구.가온도서관 > 연신내역.연서시장 > 시청덕수궁 > 강남역,PASS,PASS,NOT_VERIFIABLE,NOT_VERIFIABLE,NO,piecewise straight interpolation between selected OSM stop coordinates,1930.063,3503.501,3909.529,"public route ID and OSM stop positions are present, but the official Seoul route file was not imported"
trip_000318,1,740,Seoul city bus 740,약수역2번출구.가온도서관 > 연신내역.연서시장 > 시청덕수궁,PASS,PASS,NOT_VERIFIABLE,NOT_VERIFIABLE,NO,piecewise straight interpolation between selected OSM stop coordinates,1957.615,3715.858,3909.398,"public route ID and OSM stop positions are present, but the official Seoul route file was not imported"
trip_000319,1,7016,Seoul city bus 7016,"건대입구역사거리, 건대병원 > 동교동삼거리연희동방면",PASS,PASS,NOT_VERIFIABLE,NOT_VERIFIABLE,NO,piecewise straight interpolation between selected OSM stop coordinates,1404.766,4079.568,4339.907,"public route ID and OSM stop positions are present, but the official Seoul route file was not imported"
trip_000320,1,402,Seoul city bus 402,창동이마트 > 시청덕수궁 > 강남역 > 동대문역.2번출구,PASS,PASS,NOT_VERIFIABLE,NOT_VERIFIABLE,NO,piecewise straight interpolation between selected OSM stop coordinates,2241.654,4174.062,4803.705,"public route ID and OSM stop positions are present, but the official Seoul route file was not imported"
trip_000321,1,421,Seoul city bus 421,압구정역4번출구 > Airport Bus > 청량리미주상가앞,PASS,PASS,NOT_VERIFIABLE,NOT_VERIFIABLE,NO,piecewise straight interpolation between selected OSM stop coordinates,1181.437,2106.427,2299.964,"public route ID and OSM stop positions are present, but the official Seoul route file was not imported"
trip_000322,1,421,Seoul city bus 421,약수역2번출구.가온도서관 > 압구정역4번출구 > Airport Bus > 청량리미주상가앞,PASS,PASS,NOT_VERIFIABLE,NOT_VERIFIABLE,NO,piecewise straight interpolation between selected OSM stop coordinates,1208.986,2059.782,2302.410,"public route ID and OSM stop positions are present, but the official Seoul route file was not imported"
trip_000323,1,402,Seoul city bus 402,시청덕수궁 > 강남역 > 동대문역.2번출구,PASS,PASS,NOT_VERIFIABLE,NOT_VERIFIABLE,NO,piecewise straight interpolation between selected OSM stop coordinates,2188.012,4075.427,4365.940,"public route ID and OSM stop positions are present, but the official Seoul route file was not imported"
trip_000324,1,421,Seoul city bus 421,Airport Bus > 청량리미주상가앞,PASS,PASS,NOT_VERIFIABLE,NOT_VERIFIABLE,NO,piecewise straight interpolation between selected OSM stop coordinates,1350.365,2114.336,2292.930,"public route ID and OSM stop positions are present, but the official Seoul route file was not imported"
trip_000325,1,7016,Seoul city bus 7016,"건대입구역사거리, 건대병원 > 동교동삼거리연희동방면 > 공덕역(중) > 서울역11번출구",PASS,PASS,NOT_VERIFIABLE,NOT_VERIFIABLE,NO,piecewise straight interpolation between selected OSM stop coordinates,1037.756,3870.329,4334.955,"public route ID and OSM stop positions are present, but the official Seoul route file was not imported"
trip_000326,1,740,Seoul city bus 740,약수역2번출구.가온도서관 > 연신내역.연서시장,PASS,PASS,NOT_VERIFIABLE,NOT_VERIFIABLE,NO,piecewise straight interpolation between selected OSM stop coordinates,1509.985,3541.034,3892.499,"public route ID and OSM stop positions are present, but the official Seoul route file was not imported"
trip_000327,1,402,Seoul city bus 402,창동이마트 > 시청덕수궁 > 강남역 > 동대문역.2번출구,PASS,PASS,NOT_VERIFIABLE,NOT_VERIFIABLE,NO,piecewise straight interpolation between selected OSM stop coordinates,2221.690,4165.161,4821.768,"public route ID and OSM stop positions are present, but the official Seoul route file was not imported"
trip_000328,1,143,Seoul city bus 143,압구정역4번출구 > 고속터미널(중),PASS,PASS,NOT_VERIFIABLE,NOT_VERIFIABLE,NO,piecewise straight interpolation between selected OSM stop coordinates,727.626,1463.169,1544.597,"public route ID and OSM stop positions are present, but the official Seoul route file was not imported"
trip_000329,1,740,Seoul city bus 740,약수역2번출구.가온도서관 > 연신내역.연서시장 > 시청덕수궁 > 강남역,PASS,PASS,NOT_VERIFIABLE,NOT_VERIFIABLE,NO,piecewise straight interpolation between selected OSM stop coordinates,1934.386,3522.923,3915.821,"public route ID and OSM stop positions are present, but the official Seoul route file was not imported"
trip_000330,1,7016,Seoul city bus 7016,"건대입구역사거리, 건대병원 > 동교동삼거리연희동방면",PASS,PASS,NOT_VERIFIABLE,NOT_VERIFIABLE,NO,piecewise straight interpolation between selected OSM stop coordinates,1410.948,4077.242,4327.597,"public route ID and OSM stop positions are present, but the official Seoul route file was not imported"
trip_000331,1,421,Seoul city bus 421,압구정역4번출구 > Airport Bus > 청량리미주상가앞,PASS,PASS,NOT_VERIFIABLE,NOT_VERIFIABLE,NO,piecewise straight interpolation between selected OSM stop coordinates,1190.718,2098.835,2310.657,"public route ID and OSM stop positions are present, but the official Seoul route file was not imported"
trip_000332,1,421,Seoul city bus 421,Airport Bus > 청량리미주상가앞,PASS,PASS,NOT_VERIFIABLE,NOT_VERIFIABLE,NO,piecewise straight interpolation between selected OSM stop coordinates,1362.620,2115.777,2286.715,"public route ID and OSM stop positions are present, but the official Seoul route file was not imported"
trip_000333,1,402,Seoul city bus 402,창동이마트 > 시청덕수궁 > 강남역 > 동대문역.2번출구,PASS,PASS,NOT_VERIFIABLE,NOT_VERIFIABLE,NO,piecewise straight interpolation between selected OSM stop coordinates,2232.771,4153.239,4804.461,"public route ID and OSM stop positions are present, but the official Seoul route file was not imported"
trip_000334,1,7016,Seoul city bus 7016,공덕역(중) > 서울역11번출구,PASS,PASS,NOT_VERIFIABLE,NOT_VERIFIABLE,NO,piecewise straight interpolation between selected OSM stop coordinates,602.303,1098.897,1155.722,"public route ID and OSM stop positions are present, but the official Seoul route file was not imported"
trip_000335,1,421,Seoul city bus 421,Airport Bus > 청량리미주상가앞,PASS,PASS,NOT_VERIFIABLE,NOT_VERIFIABLE,NO,piecewise straight interpolation between selected OSM stop coordinates,1372.419,2116.161,2288.855,"public route ID and OSM stop positions are present, but the official Seoul route file was not imported"
trip_000336,1,740,Seoul city bus 740,약수역2번출구.가온도서관 > 연신내역.연서시장 > 시청덕수궁,PASS,PASS,NOT_VERIFIABLE,NOT_VERIFIABLE,NO,piecewise straight interpolation between selected OSM stop coordinates,1926.343,3717.452,3908.111,"public route ID and OSM stop positions are present, but the official Seoul route file was not imported"
trip_000337,1,143,Seoul city bus 143,압구정역4번출구 > 고속터미널(중),PASS,PASS,NOT_VERIFIABLE,NOT_VERIFIABLE,NO,piecewise straight interpolation between selected OSM stop coordinates,705.594,1424.398,1542.534,"public route ID and OSM stop positions are present, but the official Seoul route file was not imported"
trip_000338,1,402,Seoul city bus 402,시청덕수궁 > 강남역,PASS,PASS,NOT_VERIFIABLE,NOT_VERIFIABLE,NO,piecewise straight interpolation between selected OSM stop coordinates,2088.057,4124.089,4355.917,"public route ID and OSM stop positions are present, but the official Seoul route file was not imported"
trip_000339,1,143,Seoul city bus 143,창동이마트 > 왕십리민자역사 > 압구정역4번출구,PASS,PASS,NOT_VERIFIABLE,NOT_VERIFIABLE,NO,piecewise straight interpolation between selected OSM stop coordinates,1767.869,4761.529,5010.982,"public route ID and OSM stop positions are present, but the official Seoul route file was not imported"
trip_000340,1,7016,Seoul city bus 7016,동교동삼거리연희동방면 > 공덕역(중) > 서울역11번출구,PASS,PASS,NOT_VERIFIABLE,NOT_VERIFIABLE,NO,piecewise straight interpolation between selected OSM stop coordinates,638.542,1192.747,1320.019,"public route ID and OSM stop positions are present, but the official Seoul route file was not imported"
trip_000341,1,421,Seoul city bus 421,Airport Bus > 청량리미주상가앞,PASS,PASS,NOT_VERIFIABLE,NOT_VERIFIABLE,NO,piecewise straight interpolation between selected OSM stop coordinates,1389.964,2113.526,2294.593,"public route ID and OSM stop positions are present, but the official Seoul route file was not imported"
trip_000342,1,143,Seoul city bus 143,왕십리민자역사 > 압구정역4번출구 > 고속터미널(중),PASS,PASS,NOT_VERIFIABLE,NOT_VERIFIABLE,NO,piecewise straight interpolation between selected OSM stop coordinates,919.833,1853.506,2019.939,"public route ID and OSM stop positions are present, but the official Seoul route file was not imported"
trip_000343,1,402,Seoul city bus 402,시청덕수궁 > 강남역 > 동대문역.2번출구,PASS,PASS,NOT_VERIFIABLE,NOT_VERIFIABLE,NO,piecewise straight interpolation between selected OSM stop coordinates,2168.064,4063.558,4367.741,"public route ID and OSM stop positions are present, but the official Seoul route file was not imported"
trip_000344,1,402,Seoul city bus 402,강남역 > 동대문역.2번출구,PASS,PASS,NOT_VERIFIABLE,NOT_VERIFIABLE,NO,piecewise straight interpolation between selected OSM stop coordinates,2005.029,3943.265,4190.902,"public route ID and OSM stop positions are present, but the official Seoul route file was not imported"
trip_000345,1,740,Seoul city bus 740,연신내역.연서시장 > 시청덕수궁 > 강남역,PASS,PASS,NOT_VERIFIABLE,NOT_VERIFIABLE,NO,piecewise straight interpolation between selected OSM stop coordinates,2018.027,3455.798,3865.225,"public route ID and OSM stop positions are present, but the official Seoul route file was not imported"
trip_000346,1,7016,Seoul city bus 7016,공덕역(중) > 서울역11번출구,PASS,PASS,NOT_VERIFIABLE,NOT_VERIFIABLE,NO,piecewise straight interpolation between selected OSM stop coordinates,553.331,1083.317,1158.997,"public route ID and OSM stop positions are present, but the official Seoul route file was not imported"
trip_000347,1,740,Seoul city bus 740,연신내역.연서시장 > 시청덕수궁,PASS,PASS,NOT_VERIFIABLE,NOT_VERIFIABLE,NO,piecewise straight interpolation between selected OSM stop coordinates,1832.611,3637.995,3872.033,"public route ID and OSM stop positions are present, but the official Seoul route file was not imported"
trip_000348,1,143,Seoul city bus 143,창동이마트 > 왕십리민자역사 > 압구정역4번출구,PASS,PASS,NOT_VERIFIABLE,NOT_VERIFIABLE,NO,piecewise straight interpolation between selected OSM stop coordinates,1767.495,4745.846,5013.647,"public route ID and OSM stop positions are present, but the official Seoul route file was not imported"
trip_000349,1,143,Seoul city bus 143,압구정역4번출구 > 고속터미널(중),PASS,PASS,NOT_VERIFIABLE,NOT_VERIFIABLE,NO,piecewise straight interpolation between selected OSM stop coordinates,727.369,1448.845,1542.676,"public route ID and OSM stop positions are present, but the official Seoul route file was not imported"
trip_000350,1,740,Seoul city bus 740,약수역2번출구.가온도서관 > 연신내역.연서시장 > 시청덕수궁 > 강남역,PASS,PASS,NOT_VERIFIABLE,NOT_VERIFIABLE,NO,piecewise straight interpolation between selected OSM stop coordinates,1898.976,3477.657,3905.931,"public route ID and OSM stop positions are present, but the official Seoul route file was not imported"
trip_000351,1,402,Seoul city bus 402,강남역 > 동대문역.2번출구,PASS,PASS,NOT_VERIFIABLE,NOT_VERIFIABLE,NO,piecewise straight interpolation between selected OSM stop coordinates,1966.636,3942.374,4187.930,"public route ID and OSM stop positions are present, but the official Seoul route file was not imported"
trip_000352,1,402,Seoul city bus 402,창동이마트 > 시청덕수궁 > 강남역,PASS,PASS,NOT_VERIFIABLE,NOT_VERIFIABLE,NO,piecewise straight interpolation between selected OSM stop coordinates,2415.873,4378.649,4805.296,"public route ID and OSM stop positions are present, but the official Seoul route file was not imported"
trip_000353,1,7016,Seoul city bus 7016,"건대입구역사거리, 건대병원 > 동교동삼거리연희동방면 > 공덕역(중)",PASS,PASS,NOT_VERIFIABLE,NOT_VERIFIABLE,NO,piecewise straight interpolation between selected OSM stop coordinates,1256.533,3975.985,4336.842,"public route ID and OSM stop positions are present, but the official Seoul route file was not imported"
trip_000354,1,143,Seoul city bus 143,창동이마트 > 왕십리민자역사 > 압구정역4번출구 > 고속터미널(중),PASS,PASS,NOT_VERIFIABLE,NOT_VERIFIABLE,NO,piecewise straight interpolation between selected OSM stop coordinates,1447.695,4641.271,4990.567,"public route ID and OSM stop positions are present, but the official Seoul route file was not imported"
trip_000355,1,740,Seoul city bus 740,연신내역.연서시장 > 시청덕수궁,PASS,PASS,NOT_VERIFIABLE,NOT_VERIFIABLE,NO,piecewise straight interpolation between selected OSM stop coordinates,1804.615,3632.271,3868.400,"public route ID and OSM stop positions are present, but the official Seoul route file was not imported"
trip_000356,1,402,Seoul city bus 402,강남역 > 동대문역.2번출구,PASS,PASS,NOT_VERIFIABLE,NOT_VERIFIABLE,NO,piecewise straight interpolation between selected OSM stop coordinates,1927.395,3928.248,4183.591,"public route ID and OSM stop positions are present, but the official Seoul route file was not imported"
trip_000357,1,421,Seoul city bus 421,압구정역4번출구 > Airport Bus,PASS,PASS,NOT_VERIFIABLE,NOT_VERIFIABLE,NO,piecewise straight interpolation between selected OSM stop coordinates,1152.176,1799.048,1893.020,"public route ID and OSM stop positions are present, but the official Seoul route file was not imported"
trip_000358,1,402,Seoul city bus 402,강남역 > 동대문역.2번출구,PASS,PASS,NOT_VERIFIABLE,NOT_VERIFIABLE,NO,piecewise straight interpolation between selected OSM stop coordinates,2055.831,3910.688,4186.991,"public route ID and OSM stop positions are present, but the official Seoul route file was not imported"
trip_000359,1,740,Seoul city bus 740,연신내역.연서시장 > 시청덕수궁,PASS,PASS,NOT_VERIFIABLE,NOT_VERIFIABLE,NO,piecewise straight interpolation between selected OSM stop coordinates,1841.555,3617.796,3857.221,"public route ID and OSM stop positions are present, but the official Seoul route file was not imported"
trip_000360,1,143,Seoul city bus 143,창동이마트 > 왕십리민자역사 > 압구정역4번출구,PASS,PASS,NOT_VERIFIABLE,NOT_VERIFIABLE,NO,piecewise straight interpolation between selected OSM stop coordinates,1752.357,4733.885,5012.515,"public route ID and OSM stop positions are present, but the official Seoul route file was not imported"
trip_000361,1,143,Seoul city bus 143,창동이마트 > 왕십리민자역사 > 압구정역4번출구,PASS,PASS,NOT_VERIFIABLE,NOT_VERIFIABLE,NO,piecewise straight interpolation between selected OSM stop coordinates,1776.093,4729.720,5011.180,"public route ID and OSM stop positions are present, but the official Seoul route file was not imported"
trip_000362,1,421,Seoul city bus 421,압구정역4번출구 > Airport Bus > 청량리미주상가앞,PASS,PASS,NOT_VERIFIABLE,NOT_VERIFIABLE,NO,piecewise straight interpolation between selected OSM stop coordinates,1182.546,2092.591,2300.801,"public route ID and OSM stop positions are present, but the official Seoul route file was not imported"
trip_000363,1,402,Seoul city bus 402,시청덕수궁 > 강남역 > 동대문역.2번출구,PASS,PASS,NOT_VERIFIABLE,NOT_VERIFIABLE,NO,piecewise straight interpolation between selected OSM stop coordinates,2225.381,4047.393,4352.601,"public route ID and OSM stop positions are present, but the official Seoul route file was not imported"
trip_000364,1,7016,Seoul city bus 7016,"건대입구역사거리, 건대병원 > 동교동삼거리연희동방면",PASS,PASS,NOT_VERIFIABLE,NOT_VERIFIABLE,NO,piecewise straight interpolation between selected OSM stop coordinates,1406.060,4078.133,4339.580,"public route ID and OSM stop positions are present, but the official Seoul route file was not imported"
trip_000365,1,740,Seoul city bus 740,연신내역.연서시장 > 시청덕수궁,PASS,PASS,NOT_VERIFIABLE,NOT_VERIFIABLE,NO,piecewise straight interpolation between selected OSM stop coordinates,1806.502,3621.687,3861.930,"public route ID and OSM stop positions are present, but the official Seoul route file was not imported"
trip_000366,1,7016,Seoul city bus 7016,동교동삼거리연희동방면 > 공덕역(중) > 서울역11번출구,PASS,PASS,NOT_VERIFIABLE,NOT_VERIFIABLE,NO,piecewise straight interpolation between selected OSM stop coordinates,625.483,1207.104,1323.048,"public route ID and OSM stop positions are present, but the official Seoul route file was not imported"
trip_000367,1,143,Seoul city bus 143,왕십리민자역사 > 압구정역4번출구 > 고속터미널(중),PASS,PASS,NOT_VERIFIABLE,NOT_VERIFIABLE,NO,piecewise straight interpolation between selected OSM stop coordinates,932.778,1870.796,2019.425,"public route ID and OSM stop positions are present, but the official Seoul route file was not imported"
trip_000368,1,421,Seoul city bus 421,약수역2번출구.가온도서관 > 압구정역4번출구 > Airport Bus,PASS,PASS,NOT_VERIFIABLE,NOT_VERIFIABLE,NO,piecewise straight interpolation between selected OSM stop coordinates,1010.059,1708.719,1890.183,"public route ID and OSM stop positions are present, but the official Seoul route file was not imported"
trip_000369,1,402,Seoul city bus 402,강남역 > 동대문역.2번출구,PASS,PASS,NOT_VERIFIABLE,NOT_VERIFIABLE,NO,piecewise straight interpolation between selected OSM stop coordinates,1965.757,3942.392,4175.234,"public route ID and OSM stop positions are present, but the official Seoul route file was not imported"
trip_000370,1,143,Seoul city bus 143,창동이마트 > 왕십리민자역사 > 압구정역4번출구 > 고속터미널(중),PASS,PASS,NOT_VERIFIABLE,NOT_VERIFIABLE,NO,piecewise straight interpolation between selected OSM stop coordinates,1421.213,4657.230,5002.132,"public route ID and OSM stop positions are present, but the official Seoul route file was not imported"
trip_000371,1,143,Seoul city bus 143,왕십리민자역사 > 압구정역4번출구 > 고속터미널(중),PASS,PASS,NOT_VERIFIABLE,NOT_VERIFIABLE,NO,piecewise straight interpolation between selected OSM stop coordinates,936.075,1856.147,2017.556,"public route ID and OSM stop positions are present, but the official Seoul route file was not imported"
trip_000372,1,402,Seoul city bus 402,시청덕수궁 > 강남역,PASS,PASS,NOT_VERIFIABLE,NOT_VERIFIABLE,NO,piecewise straight interpolation between selected OSM stop coordinates,2153.300,4101.332,4355.238,"public route ID and OSM stop positions are present, but the official Seoul route file was not imported"
trip_000373,1,143,Seoul city bus 143,왕십리민자역사 > 압구정역4번출구,PASS,PASS,NOT_VERIFIABLE,NOT_VERIFIABLE,NO,piecewise straight interpolation between selected OSM stop coordinates,966.629,1900.020,2019.700,"public route ID and OSM stop positions are present, but the official Seoul route file was not imported"
trip_000374,1,402,Seoul city bus 402,강남역 > 동대문역.2번출구,PASS,PASS,NOT_VERIFIABLE,NOT_VERIFIABLE,NO,piecewise straight interpolation between selected OSM stop coordinates,1987.176,3903.865,4179.137,"public route ID and OSM stop positions are present, but the official Seoul route file was not imported"
trip_000375,1,143,Seoul city bus 143,압구정역4번출구 > 고속터미널(중),PASS,PASS,NOT_VERIFIABLE,NOT_VERIFIABLE,NO,piecewise straight interpolation between selected OSM stop coordinates,718.398,1434.480,1538.086,"public route ID and OSM stop positions are present, but the official Seoul route file was not imported"
trip_000376,1,143,Seoul city bus 143,창동이마트 > 왕십리민자역사 > 압구정역4번출구 > 고속터미널(중),PASS,PASS,NOT_VERIFIABLE,NOT_VERIFIABLE,NO,piecewise straight interpolation between selected OSM stop coordinates,1414.821,4652.909,5011.728,"public route ID and OSM stop positions are present, but the official Seoul route file was not imported"
trip_000377,1,402,Seoul city bus 402,창동이마트 > 시청덕수궁 > 강남역,PASS,PASS,NOT_VERIFIABLE,NOT_VERIFIABLE,NO,piecewise straight interpolation between selected OSM stop coordinates,2407.608,4343.795,4817.127,"public route ID and OSM stop positions are present, but the official Seoul route file was not imported"
trip_000378,1,402,Seoul city bus 402,강남역 > 동대문역.2번출구,PASS,PASS,NOT_VERIFIABLE,NOT_VERIFIABLE,NO,piecewise straight interpolation between selected OSM stop coordinates,1980.844,3936.753,4193.119,"public route ID and OSM stop positions are present, but the official Seoul route file was not imported"
trip_000379,1,421,Seoul city bus 421,Airport Bus > 청량리미주상가앞,PASS,PASS,NOT_VERIFIABLE,NOT_VERIFIABLE,NO,piecewise straight interpolation between selected OSM stop coordinates,1415.485,2122.995,2297.134,"public route ID and OSM stop positions are present, but the official Seoul route file was not imported"
trip_000380,1,402,Seoul city bus 402,시청덕수궁 > 강남역 > 동대문역.2번출구,PASS,PASS,NOT_VERIFIABLE,NOT_VERIFIABLE,NO,piecewise straight interpolation between selected OSM stop coordinates,2210.741,4071.033,4364.704,"public route ID and OSM stop positions are present, but the official Seoul route file was not imported"
trip_000381,1,7016,Seoul city bus 7016,공덕역(중) > 서울역11번출구,PASS,PASS,NOT_VERIFIABLE,NOT_VERIFIABLE,NO,piecewise straight interpolation between selected OSM stop coordinates,514.539,1079.661,1158.140,"public route ID and OSM stop positions are present, but the official Seoul route file was not imported"
trip_000382,1,143,Seoul city bus 143,압구정역4번출구 > 고속터미널(중),PASS,PASS,NOT_VERIFIABLE,NOT_VERIFIABLE,NO,piecewise straight interpolation between selected OSM stop coordinates,779.625,1445.961,1535.500,"public route ID and OSM stop positions are present, but the official Seoul route file was not imported"
trip_000383,1,7016,Seoul city bus 7016,동교동삼거리연희동방면 > 공덕역(중),PASS,PASS,NOT_VERIFIABLE,NOT_VERIFIABLE,NO,piecewise straight interpolation between selected OSM stop coordinates,646.256,1252.740,1326.938,"public route ID and OSM stop positions are present, but the official Seoul route file was not imported"
trip_000384,1,143,Seoul city bus 143,압구정역4번출구 > 고속터미널(중),PASS,PASS,NOT_VERIFIABLE,NOT_VERIFIABLE,NO,piecewise straight interpolation between selected OSM stop coordinates,715.677,1439.003,1547.725,"public route ID and OSM stop positions are present, but the official Seoul route file was not imported"
trip_000385,1,7016,Seoul city bus 7016,동교동삼거리연희동방면 > 공덕역(중) > 서울역11번출구,PASS,PASS,NOT_VERIFIABLE,NOT_VERIFIABLE,NO,piecewise straight interpolation between selected OSM stop coordinates,641.078,1203.018,1329.382,"public route ID and OSM stop positions are present, but the official Seoul route file was not imported"
trip_000386,1,421,Seoul city bus 421,약수역2번출구.가온도서관 > 압구정역4번출구 > Airport Bus,PASS,PASS,NOT_VERIFIABLE,NOT_VERIFIABLE,NO,piecewise straight interpolation between selected OSM stop coordinates,1012.051,1717.292,1898.830,"public route ID and OSM stop positions are present, but the official Seoul route file was not imported"
trip_000387,1,402,Seoul city bus 402,시청덕수궁 > 강남역,PASS,PASS,NOT_VERIFIABLE,NOT_VERIFIABLE,NO,piecewise straight interpolation between selected OSM stop coordinates,2089.818,4081.893,4342.388,"public route ID and OSM stop positions are present, but the official Seoul route file was not imported"
trip_000388,1,421,Seoul city bus 421,약수역2번출구.가온도서관 > 압구정역4번출구 > Airport Bus,PASS,PASS,NOT_VERIFIABLE,NOT_VERIFIABLE,NO,piecewise straight interpolation between selected OSM stop coordinates,1033.410,1712.493,1891.923,"public route ID and OSM stop positions are present, but the official Seoul route file was not imported"
trip_000389,1,402,Seoul city bus 402,강남역 > 동대문역.2번출구,PASS,PASS,NOT_VERIFIABLE,NOT_VERIFIABLE,NO,piecewise straight interpolation between selected OSM stop coordinates,1945.799,3920.340,4185.795,"public route ID and OSM stop positions are present, but the official Seoul route file was not imported"
trip_000390,1,740,Seoul city bus 740,연신내역.연서시장 > 시청덕수궁 > 강남역,PASS,PASS,NOT_VERIFIABLE,NOT_VERIFIABLE,NO,piecewise straight interpolation between selected OSM stop coordinates,1960.477,3440.355,3861.520,"public route ID and OSM stop positions are present, but the official Seoul route file was not imported"
trip_000391,1,402,Seoul city bus 402,창동이마트 > 시청덕수궁 > 강남역,PASS,PASS,NOT_VERIFIABLE,NOT_VERIFIABLE,NO,piecewise straight interpolation between selected OSM stop coordinates,2435.921,4360.107,4820.800,"public route ID and OSM stop positions are present, but the official Seoul route file was not imported"
trip_000392,1,740,Seoul city bus 740,연신내역.연서시장 > 시청덕수궁 > 강남역,PASS,PASS,NOT_VERIFIABLE,NOT_VERIFIABLE,NO,piecewise straight interpolation between selected OSM stop coordinates,1990.728,3447.707,3860.432,"public route ID and OSM stop positions are present, but the official Seoul route file was not imported"
trip_000393,1,421,Seoul city bus 421,압구정역4번출구 > Airport Bus,PASS,PASS,NOT_VERIFIABLE,NOT_VERIFIABLE,NO,piecewise straight interpolation between selected OSM stop coordinates,1162.393,1815.249,1891.824,"public route ID and OSM stop positions are present, but the official Seoul route file was not imported"
trip_000394,1,402,Seoul city bus 402,창동이마트 > 시청덕수궁,PASS,PASS,NOT_VERIFIABLE,NOT_VERIFIABLE,NO,piecewise straight interpolation between selected OSM stop coordinates,2306.206,4547.082,4803.325,"public route ID and OSM stop positions are present, but the official Seoul route file was not imported"
trip_000395,1,143,Seoul city bus 143,창동이마트 > 왕십리민자역사,PASS,PASS,NOT_VERIFIABLE,NOT_VERIFIABLE,NO,piecewise straight interpolation between selected OSM stop coordinates,2417.138,4701.422,5009.570,"public route ID and OSM stop positions are present, but the official Seoul route file was not imported"
trip_000396,1,740,Seoul city bus 740,약수역2번출구.가온도서관 > 연신내역.연서시장,PASS,PASS,NOT_VERIFIABLE,NOT_VERIFIABLE,NO,piecewise straight interpolation between selected OSM stop coordinates,1479.642,3544.097,3911.412,"public route ID and OSM stop positions are present, but the official Seoul route file was not imported"
trip_000397,1,421,Seoul city bus 421,약수역2번출구.가온도서관 > 압구정역4번출구 > Airport Bus > 청량리미주상가앞,PASS,PASS,NOT_VERIFIABLE,NOT_VERIFIABLE,NO,piecewise straight interpolation between selected OSM stop coordinates,1198.052,2034.500,2297.661,"public route ID and OSM stop positions are present, but the official Seoul route file was not imported"
trip_000398,1,143,Seoul city bus 143,왕십리민자역사 > 압구정역4번출구 > 고속터미널(중),PASS,PASS,NOT_VERIFIABLE,NOT_VERIFIABLE,NO,piecewise straight interpolation between selected OSM stop coordinates,923.118,1851.983,2015.629,"public route ID and OSM stop positions are present, but the official Seoul route file was not imported"
trip_000399,1,143,Seoul city bus 143,압구정역4번출구 > 고속터미널(중),PASS,PASS,NOT_VERIFIABLE,NOT_VERIFIABLE,NO,piecewise straight interpolation between selected OSM stop coordinates,716.778,1437.994,1542.600,"public route ID and OSM stop positions are present, but the official Seoul route file was not imported"
trip_000400,1,7016,Seoul city bus 7016,공덕역(중) > 서울역11번출구,PASS,PASS,NOT_VERIFIABLE,NOT_VERIFIABLE,NO,piecewise straight interpolation between selected OSM stop coordinates,549.257,1089.056,1155.985,"public route ID and OSM stop positions are present, but the official Seoul route file was not imported"
trip_000502,2,143,Seoul city bus 143,압구정역4번출구 > 고속터미널(중),PASS,PASS,NOT_VERIFIABLE,NOT_VERIFIABLE,NO,piecewise straight interpolation between selected OSM stop coordinates,2080.219,6483.882,7257.126,"public route ID and OSM stop positions are present, but the official Seoul route file was not imported"
trip_000503,3,143,Seoul city bus 143,왕십리민자역사 > 압구정역4번출구,PASS,PASS,NOT_VERIFIABLE,NOT_VERIFIABLE,NO,piecewise straight interpolation between selected OSM stop coordinates,1455.963,4231.371,4895.249,"public route ID and OSM stop positions are present, but the official Seoul route file was not imported"
trip_000504,2,143,Seoul city bus 143,압구정역4번출구 > 고속터미널(중),PASS,PASS,NOT_VERIFIABLE,NOT_VERIFIABLE,NO,piecewise straight interpolation between selected OSM stop coordinates,4132.257,11015.479,11649.461,"public route ID and OSM stop positions are present, but the official Seoul route file was not imported"
trip_000505,3,7016,Seoul city bus 7016,"건대입구역사거리, 건대병원 > 동교동삼거리연희동방면 > 공덕역(중)",PASS,PASS,NOT_VERIFIABLE,NOT_VERIFIABLE,NO,piecewise straight interpolation between selected OSM stop coordinates,1445.818,6725.245,7021.300,"public route ID and OSM stop positions are present, but the official Seoul route file was not imported"
trip_000507,3,421,Seoul city bus 421,Airport Bus > 청량리미주상가앞,PASS,PASS,NOT_VERIFIABLE,NOT_VERIFIABLE,NO,piecewise straight interpolation between selected OSM stop coordinates,1398.412,3086.148,3691.271,"public route ID and OSM stop positions are present, but the official Seoul route file was not imported"
trip_000509,3,7016,Seoul city bus 7016,동교동삼거리연희동방면 > 공덕역(중) > 서울역11번출구,PASS,PASS,NOT_VERIFIABLE,NOT_VERIFIABLE,NO,piecewise straight interpolation between selected OSM stop coordinates,1034.450,4128.799,4624.435,"public route ID and OSM stop positions are present, but the official Seoul route file was not imported"
trip_000513,2,740,Seoul city bus 740,시청덕수궁 > 강남역,PASS,PASS,NOT_VERIFIABLE,NOT_VERIFIABLE,NO,piecewise straight interpolation between selected OSM stop coordinates,1434.394,3217.364,3454.889,"public route ID and OSM stop positions are present, but the official Seoul route file was not imported"
trip_000514,2,740,Seoul city bus 740,약수역2번출구.가온도서관 > 연신내역.연서시장,PASS,PASS,NOT_VERIFIABLE,NOT_VERIFIABLE,NO,piecewise straight interpolation between selected OSM stop coordinates,2303.532,5550.867,6700.187,"public route ID and OSM stop positions are present, but the official Seoul route file was not imported"
trip_000517,3,421,Seoul city bus 421,Airport Bus > 청량리미주상가앞,PASS,PASS,NOT_VERIFIABLE,NOT_VERIFIABLE,NO,piecewise straight interpolation between selected OSM stop coordinates,1779.249,5629.107,6507.551,"public route ID and OSM stop positions are present, but the official Seoul route file was not imported"
trip_000518,2,421,Seoul city bus 421,약수역2번출구.가온도서관 > 압구정역4번출구,PASS,PASS,NOT_VERIFIABLE,NOT_VERIFIABLE,NO,piecewise straight interpolation between selected OSM stop coordinates,1759.275,6144.733,7008.695,"public route ID and OSM stop positions are present, but the official Seoul route file was not imported"
trip_000518,4,402,Seoul city bus 402,시청덕수궁 > 강남역 > 동대문역.2번출구,PASS,PASS,NOT_VERIFIABLE,NOT_VERIFIABLE,NO,piecewise straight interpolation between selected OSM stop coordinates,2131.637,4056.419,4367.793,"public route ID and OSM stop positions are present, but the official Seoul route file was not imported"
trip_000520,2,402,Seoul city bus 402,강남역 > 동대문역.2번출구,PASS,PASS,NOT_VERIFIABLE,NOT_VERIFIABLE,NO,piecewise straight interpolation between selected OSM stop coordinates,2233.333,4067.084,4398.455,"public route ID and OSM stop positions are present, but the official Seoul route file was not imported"
trip_000523,2,740,Seoul city bus 740,약수역2번출구.가온도서관 > 연신내역.연서시장,PASS,PASS,NOT_VERIFIABLE,NOT_VERIFIABLE,NO,piecewise straight interpolation between selected OSM stop coordinates,2491.083,5817.915,6701.246,"public route ID and OSM stop positions are present, but the official Seoul route file was not imported"
trip_000524,3,7016,Seoul city bus 7016,동교동삼거리연희동방면 > 공덕역(중),PASS,PASS,NOT_VERIFIABLE,NOT_VERIFIABLE,NO,piecewise straight interpolation between selected OSM stop coordinates,3140.800,8391.212,9146.337,"public route ID and OSM stop positions are present, but the official Seoul route file was not imported"
trip_000527,2,421,Seoul city bus 421,약수역2번출구.가온도서관 > 압구정역4번출구,PASS,PASS,NOT_VERIFIABLE,NOT_VERIFIABLE,NO,piecewise straight interpolation between selected OSM stop coordinates,1245.798,4520.267,5254.263,"public route ID and OSM stop positions are present, but the official Seoul route file was not imported"
trip_000530,2,7016,Seoul city bus 7016,공덕역(중) > 서울역11번출구,PASS,PASS,NOT_VERIFIABLE,NOT_VERIFIABLE,NO,piecewise straight interpolation between selected OSM stop coordinates,3804.008,11614.979,12524.247,"public route ID and OSM stop positions are present, but the official Seoul route file was not imported"
trip_000531,2,7016,Seoul city bus 7016,"건대입구역사거리, 건대병원 > 동교동삼거리연희동방면 > 공덕역(중)",PASS,PASS,NOT_VERIFIABLE,NOT_VERIFIABLE,NO,piecewise straight interpolation between selected OSM stop coordinates,1315.692,3973.116,4341.208,"public route ID and OSM stop positions are present, but the official Seoul route file was not imported"
trip_000532,2,7016,Seoul city bus 7016,공덕역(중) > 서울역11번출구,PASS,PASS,NOT_VERIFIABLE,NOT_VERIFIABLE,NO,piecewise straight interpolation between selected OSM stop coordinates,1081.344,4146.646,4536.367,"public route ID and OSM stop positions are present, but the official Seoul route file was not imported"
trip_000534,3,740,Seoul city bus 740,약수역2번출구.가온도서관 > 연신내역.연서시장,PASS,PASS,NOT_VERIFIABLE,NOT_VERIFIABLE,NO,piecewise straight interpolation between selected OSM stop coordinates,1334.259,3541.009,3916.850,"public route ID and OSM stop positions are present, but the official Seoul route file was not imported"
trip_000535,2,143,Seoul city bus 143,왕십리민자역사 > 압구정역4번출구 > 고속터미널(중),PASS,PASS,NOT_VERIFIABLE,NOT_VERIFIABLE,NO,piecewise straight interpolation between selected OSM stop coordinates,1449.121,4675.560,5014.058,"public route ID and OSM stop positions are present, but the official Seoul route file was not imported"
trip_000535,4,740,Seoul city bus 740,연신내역.연서시장 > 시청덕수궁 > 강남역,PASS,PASS,NOT_VERIFIABLE,NOT_VERIFIABLE,NO,piecewise straight interpolation between selected OSM stop coordinates,2232.175,3657.987,4070.222,"public route ID and OSM stop positions are present, but the official Seoul route file was not imported"
trip_000536,3,421,Seoul city bus 421,압구정역4번출구 > Airport Bus > 청량리미주상가앞,PASS,PASS,NOT_VERIFIABLE,NOT_VERIFIABLE,NO,piecewise straight interpolation between selected OSM stop coordinates,1283.331,2604.929,3640.622,"public route ID and OSM stop positions are present, but the official Seoul route file was not imported"
trip_000538,3,421,Seoul city bus 421,압구정역4번출구 > Airport Bus > 청량리미주상가앞,PASS,PASS,NOT_VERIFIABLE,NOT_VERIFIABLE,NO,piecewise straight interpolation between selected OSM stop coordinates,1270.626,2120.220,2428.111,"public route ID and OSM stop positions are present, but the official Seoul route file was not imported"
trip_000539,2,7016,Seoul city bus 7016,"건대입구역사거리, 건대병원 > 동교동삼거리연희동방면 > 공덕역(중) > 서울역11번출구",PASS,PASS,NOT_VERIFIABLE,NOT_VERIFIABLE,NO,piecewise straight interpolation between selected OSM stop coordinates,1405.992,10553.500,12531.510,"public route ID and OSM stop positions are present, but the official Seoul route file was not imported"
trip_000540,2,402,Seoul city bus 402,시청덕수궁 > 강남역 > 동대문역.2번출구,PASS,PASS,NOT_VERIFIABLE,NOT_VERIFIABLE,NO,piecewise straight interpolation between selected OSM stop coordinates,2799.230,11077.168,13134.800,"public route ID and OSM stop positions are present, but the official Seoul route file was not imported"
trip_000540,4,421,Seoul city bus 421,약수역2번출구.가온도서관 > 압구정역4번출구,PASS,PASS,NOT_VERIFIABLE,NOT_VERIFIABLE,NO,piecewise straight interpolation between selected OSM stop coordinates,1272.269,3024.158,3654.492,"public route ID and OSM stop positions are present, but the official Seoul route file was not imported"
trip_000541,2,421,Seoul city bus 421,압구정역4번출구 > Airport Bus,PASS,PASS,NOT_VERIFIABLE,NOT_VERIFIABLE,NO,piecewise straight interpolation between selected OSM stop coordinates,1202.530,3448.418,4044.727,"public route ID and OSM stop positions are present, but the official Seoul route file was not imported"
trip_000541,4,402,Seoul city bus 402,창동이마트 > 시청덕수궁 > 강남역 > 동대문역.2번출구,PASS,PASS,NOT_VERIFIABLE,NOT_VERIFIABLE,NO,piecewise straight interpolation between selected OSM stop coordinates,2531.511,4446.445,4958.809,"public route ID and OSM stop positions are present, but the official Seoul route file was not imported"
trip_000544,2,143,Seoul city bus 143,압구정역4번출구 > 고속터미널(중),PASS,PASS,NOT_VERIFIABLE,NOT_VERIFIABLE,NO,piecewise straight interpolation between selected OSM stop coordinates,936.068,1909.244,2245.134,"public route ID and OSM stop positions are present, but the official Seoul route file was not imported"
trip_000546,2,421,Seoul city bus 421,약수역2번출구.가온도서관 > 압구정역4번출구 > Airport Bus,PASS,PASS,NOT_VERIFIABLE,NOT_VERIFIABLE,NO,piecewise straight interpolation between selected OSM stop coordinates,1043.536,1680.736,1892.133,"public route ID and OSM stop positions are present, but the official Seoul route file was not imported"
trip_000547,2,421,Seoul city bus 421,압구정역4번출구 > Airport Bus > 청량리미주상가앞,PASS,PASS,NOT_VERIFIABLE,NOT_VERIFIABLE,NO,piecewise straight interpolation between selected OSM stop coordinates,1289.799,2282.282,3174.331,"public route ID and OSM stop positions are present, but the official Seoul route file was not imported"
trip_000547,4,7016,Seoul city bus 7016,동교동삼거리연희동방면 > 공덕역(중) > 서울역11번출구,PASS,PASS,NOT_VERIFIABLE,NOT_VERIFIABLE,NO,piecewise straight interpolation between selected OSM stop coordinates,1067.190,2059.732,2457.502,"public route ID and OSM stop positions are present, but the official Seoul route file was not imported"
trip_000548,2,421,Seoul city bus 421,압구정역4번출구 > Airport Bus,PASS,PASS,NOT_VERIFIABLE,NOT_VERIFIABLE,NO,piecewise straight interpolation between selected OSM stop coordinates,1514.872,3116.596,3656.078,"public route ID and OSM stop positions are present, but the official Seoul route file was not imported"
trip_000549,2,7016,Seoul city bus 7016,공덕역(중) > 서울역11번출구,PASS,PASS,NOT_VERIFIABLE,NOT_VERIFIABLE,NO,piecewise straight interpolation between selected OSM stop coordinates,1973.177,5501.571,6016.333,"public route ID and OSM stop positions are present, but the official Seoul route file was not imported"
trip_000549,4,143,Seoul city bus 143,창동이마트 > 왕십리민자역사 > 압구정역4번출구,PASS,PASS,NOT_VERIFIABLE,NOT_VERIFIABLE,NO,piecewise straight interpolation between selected OSM stop coordinates,2456.923,4783.829,5188.231,"public route ID and OSM stop positions are present, but the official Seoul route file was not imported"
trip_000550,2,143,Seoul city bus 143,창동이마트 > 왕십리민자역사 > 압구정역4번출구,PASS,PASS,NOT_VERIFIABLE,NOT_VERIFIABLE,NO,piecewise straight interpolation between selected OSM stop coordinates,3514.403,9078.042,9317.698,"public route ID and OSM stop positions are present, but the official Seoul route file was not imported"
trip_000551,3,740,Seoul city bus 740,연신내역.연서시장 > 시청덕수궁,PASS,PASS,NOT_VERIFIABLE,NOT_VERIFIABLE,NO,piecewise straight interpolation between selected OSM stop coordinates,2779.368,4989.487,5573.355,"public route ID and OSM stop positions are present, but the official Seoul route file was not imported"
trip_000554,2,402,Seoul city bus 402,시청덕수궁 > 강남역,PASS,PASS,NOT_VERIFIABLE,NOT_VERIFIABLE,NO,piecewise straight interpolation between selected OSM stop coordinates,1600.606,3962.919,4353.635,"public route ID and OSM stop positions are present, but the official Seoul route file was not imported"
trip_000554,4,143,Seoul city bus 143,압구정역4번출구 > 고속터미널(중),PASS,PASS,NOT_VERIFIABLE,NOT_VERIFIABLE,NO,piecewise straight interpolation between selected OSM stop coordinates,2144.915,6538.748,7250.239,"public route ID and OSM stop positions are present, but the official Seoul route file was not imported"
trip_000555,2,143,Seoul city bus 143,창동이마트 > 왕십리민자역사,PASS,PASS,NOT_VERIFIABLE,NOT_VERIFIABLE,NO,piecewise straight interpolation between selected OSM stop coordinates,3556.731,5543.358,5770.890,"public route ID and OSM stop positions are present, but the official Seoul route file was not imported"
trip_000556,2,7016,Seoul city bus 7016,"건대입구역사거리, 건대병원 > 동교동삼거리연희동방면",PASS,PASS,NOT_VERIFIABLE,NOT_VERIFIABLE,NO,piecewise straight interpolation between selected OSM stop coordinates,1427.335,6662.156,8791.453,"public route ID and OSM stop positions are present, but the official Seoul route file was not imported"
trip_000557,2,402,Seoul city bus 402,창동이마트 > 시청덕수궁 > 강남역 > 동대문역.2번출구,PASS,PASS,NOT_VERIFIABLE,NOT_VERIFIABLE,NO,piecewise straight interpolation between selected OSM stop coordinates,2500.380,4452.860,4889.089,"public route ID and OSM stop positions are present, but the official Seoul route file was not imported"
trip_000557,4,421,Seoul city bus 421,Airport Bus > 청량리미주상가앞,PASS,PASS,NOT_VERIFIABLE,NOT_VERIFIABLE,NO,piecewise straight interpolation between selected OSM stop coordinates,3048.372,11497.053,12720.753,"public route ID and OSM stop positions are present, but the official Seoul route file was not imported"
trip_000558,2,740,Seoul city bus 740,연신내역.연서시장 > 시청덕수궁,PASS,PASS,NOT_VERIFIABLE,NOT_VERIFIABLE,NO,piecewise straight interpolation between selected OSM stop coordinates,3352.971,4197.829,4414.722,"public route ID and OSM stop positions are present, but the official Seoul route file was not imported"
trip_000558,4,740,Seoul city bus 740,시청덕수궁 > 강남역,PASS,PASS,NOT_VERIFIABLE,NOT_VERIFIABLE,NO,piecewise straight interpolation between selected OSM stop coordinates,1412.908,3163.796,3451.028,"public route ID and OSM stop positions are present, but the official Seoul route file was not imported"
trip_000560,2,402,Seoul city bus 402,창동이마트 > 시청덕수궁 > 강남역 > 동대문역.2번출구,PASS,PASS,NOT_VERIFIABLE,NOT_VERIFIABLE,NO,piecewise straight interpolation between selected OSM stop coordinates,2630.229,7307.960,7719.777,"public route ID and OSM stop positions are present, but the official Seoul route file was not imported"
trip_000560,4,143,Seoul city bus 143,창동이마트 > 왕십리민자역사 > 압구정역4번출구 > 고속터미널(중),PASS,PASS,NOT_VERIFIABLE,NOT_VERIFIABLE,NO,piecewise straight interpolation between selected OSM stop coordinates,2623.795,5158.244,6835.461,"public route ID and OSM stop positions are present, but the official Seoul route file was not imported"
trip_000564,2,7016,Seoul city bus 7016,동교동삼거리연희동방면 > 공덕역(중) > 서울역11번출구,PASS,PASS,NOT_VERIFIABLE,NOT_VERIFIABLE,NO,piecewise straight interpolation between selected OSM stop coordinates,899.380,2899.857,3363.754,"public route ID and OSM stop positions are present, but the official Seoul route file was not imported"
trip_000568,2,7016,Seoul city bus 7016,공덕역(중) > 서울역11번출구,PASS,PASS,NOT_VERIFIABLE,NOT_VERIFIABLE,NO,piecewise straight interpolation between selected OSM stop coordinates,991.862,3004.374,3360.412,"public route ID and OSM stop positions are present, but the official Seoul route file was not imported"
trip_000568,4,402,Seoul city bus 402,창동이마트 > 시청덕수궁 > 강남역,PASS,PASS,NOT_VERIFIABLE,NOT_VERIFIABLE,NO,piecewise straight interpolation between selected OSM stop coordinates,2433.240,4337.132,4819.182,"public route ID and OSM stop positions are present, but the official Seoul route file was not imported"
trip_000571,2,421,Seoul city bus 421,Airport Bus > 청량리미주상가앞,PASS,PASS,NOT_VERIFIABLE,NOT_VERIFIABLE,NO,piecewise straight interpolation between selected OSM stop coordinates,1844.994,6115.398,6958.420,"public route ID and OSM stop positions are present, but the official Seoul route file was not imported"
trip_000571,4,421,Seoul city bus 421,압구정역4번출구 > Airport Bus,PASS,PASS,NOT_VERIFIABLE,NOT_VERIFIABLE,NO,piecewise straight interpolation between selected OSM stop coordinates,3772.292,11579.658,12727.075,"public route ID and OSM stop positions are present, but the official Seoul route file was not imported"
trip_000573,2,7016,Seoul city bus 7016,공덕역(중) > 서울역11번출구,PASS,PASS,NOT_VERIFIABLE,NOT_VERIFIABLE,NO,piecewise straight interpolation between selected OSM stop coordinates,1413.807,4139.507,4369.102,"public route ID and OSM stop positions are present, but the official Seoul route file was not imported"
trip_000574,2,421,Seoul city bus 421,약수역2번출구.가온도서관 > 압구정역4번출구 > Airport Bus,PASS,PASS,NOT_VERIFIABLE,NOT_VERIFIABLE,NO,piecewise straight interpolation between selected OSM stop coordinates,1141.102,1882.249,2445.780,"public route ID and OSM stop positions are present, but the official Seoul route file was not imported"
trip_000576,2,7016,Seoul city bus 7016,공덕역(중) > 서울역11번출구,PASS,PASS,NOT_VERIFIABLE,NOT_VERIFIABLE,NO,piecewise straight interpolation between selected OSM stop coordinates,1015.383,2891.907,3332.595,"public route ID and OSM stop positions are present, but the official Seoul route file was not imported"
trip_000582,2,7016,Seoul city bus 7016,동교동삼거리연희동방면 > 공덕역(중) > 서울역11번출구,PASS,PASS,NOT_VERIFIABLE,NOT_VERIFIABLE,NO,piecewise straight interpolation between selected OSM stop coordinates,1074.445,3836.006,4341.860,"public route ID and OSM stop positions are present, but the official Seoul route file was not imported"
trip_000582,4,402,Seoul city bus 402,강남역 > 동대문역.2번출구,PASS,PASS,NOT_VERIFIABLE,NOT_VERIFIABLE,NO,piecewise straight interpolation between selected OSM stop coordinates,1462.962,3835.262,4180.133,"public route ID and OSM stop positions are present, but the official Seoul route file was not imported"
trip_000585,2,740,Seoul city bus 740,시청덕수궁 > 강남역,PASS,PASS,NOT_VERIFIABLE,NOT_VERIFIABLE,NO,piecewise straight interpolation between selected OSM stop coordinates,2083.770,5668.221,6713.926,"public route ID and OSM stop positions are present, but the official Seoul route file was not imported"
trip_000586,2,7016,Seoul city bus 7016,공덕역(중) > 서울역11번출구,PASS,PASS,NOT_VERIFIABLE,NOT_VERIFIABLE,NO,piecewise straight interpolation between selected OSM stop coordinates,1102.179,4195.584,4523.443,"public route ID and OSM stop positions are present, but the official Seoul route file was not imported"
trip_000588,2,143,Seoul city bus 143,왕십리민자역사 > 압구정역4번출구 > 고속터미널(중),PASS,PASS,NOT_VERIFIABLE,NOT_VERIFIABLE,NO,piecewise straight interpolation between selected OSM stop coordinates,980.945,1986.769,2491.815,"public route ID and OSM stop positions are present, but the official Seoul route file was not imported"
trip_000589,2,143,Seoul city bus 143,압구정역4번출구 > 고속터미널(중),PASS,PASS,NOT_VERIFIABLE,NOT_VERIFIABLE,NO,piecewise straight interpolation between selected OSM stop coordinates,1064.568,2475.989,2503.841,"public route ID and OSM stop positions are present, but the official Seoul route file was not imported"
trip_000592,3,740,Seoul city bus 740,연신내역.연서시장 > 시청덕수궁,PASS,PASS,NOT_VERIFIABLE,NOT_VERIFIABLE,NO,piecewise straight interpolation between selected OSM stop coordinates,3498.595,8164.366,8945.999,"public route ID and OSM stop positions are present, but the official Seoul route file was not imported"
trip_000593,2,421,Seoul city bus 421,약수역2번출구.가온도서관 > 압구정역4번출구 > Airport Bus > 청량리미주상가앞,PASS,PASS,NOT_VERIFIABLE,NOT_VERIFIABLE,NO,piecewise straight interpolation between selected OSM stop coordinates,1716.494,14045.686,16300.462,"public route ID and OSM stop positions are present, but the official Seoul route file was not imported"
trip_000594,2,740,Seoul city bus 740,시청덕수궁 > 강남역,PASS,PASS,NOT_VERIFIABLE,NOT_VERIFIABLE,NO,piecewise straight interpolation between selected OSM stop coordinates,2146.356,5649.845,6671.829,"public route ID and OSM stop positions are present, but the official Seoul route file was not imported"
trip_000594,4,740,Seoul city bus 740,연신내역.연서시장 > 시청덕수궁 > 강남역,PASS,PASS,NOT_VERIFIABLE,NOT_VERIFIABLE,NO,piecewise straight interpolation between selected OSM stop coordinates,2273.979,3920.718,5519.397,"public route ID and OSM stop positions are present, but the official Seoul route file was not imported"
trip_000595,3,143,Seoul city bus 143,압구정역4번출구 > 고속터미널(중),PASS,PASS,NOT_VERIFIABLE,NOT_VERIFIABLE,NO,piecewise straight interpolation between selected OSM stop coordinates,981.682,1810.349,1864.022,"public route ID and OSM stop positions are present, but the official Seoul route file was not imported"
trip_000597,3,421,Seoul city bus 421,Airport Bus > 청량리미주상가앞,PASS,PASS,NOT_VERIFIABLE,NOT_VERIFIABLE,NO,piecewise straight interpolation between selected OSM stop coordinates,2755.740,11374.403,12703.230,"public route ID and OSM stop positions are present, but the official Seoul route file was not imported"
trip_000600,2,740,Seoul city bus 740,시청덕수궁 > 강남역,PASS,PASS,NOT_VERIFIABLE,NOT_VERIFIABLE,NO,piecewise straight interpolation between selected OSM stop coordinates,3047.357,8943.828,10081.909,"public route ID and OSM stop positions are present, but the official Seoul route file was not imported"
trip_000605,2,740,Seoul city bus 740,시청덕수궁 > 강남역,PASS,PASS,NOT_VERIFIABLE,NOT_VERIFIABLE,NO,piecewise straight interpolation between selected OSM stop coordinates,1989.466,3144.116,3448.449,"public route ID and OSM stop positions are present, but the official Seoul route file was not imported"
trip_000606,2,402,Seoul city bus 402,강남역 > 동대문역.2번출구,PASS,PASS,NOT_VERIFIABLE,NOT_VERIFIABLE,NO,piecewise straight interpolation between selected OSM stop coordinates,3277.647,5056.395,5854.130,"public route ID and OSM stop positions are present, but the official Seoul route file was not imported"
trip_000606,4,7016,Seoul city bus 7016,"건대입구역사거리, 건대병원 > 동교동삼거리연희동방면 > 공덕역(중) > 서울역11번출구",PASS,PASS,NOT_VERIFIABLE,NOT_VERIFIABLE,NO,piecewise straight interpolation between selected OSM stop coordinates,1180.812,4227.245,4758.343,"public route ID and OSM stop positions are present, but the official Seoul route file was not imported"
trip_000607,2,421,Seoul city bus 421,압구정역4번출구 > Airport Bus > 청량리미주상가앞,PASS,PASS,NOT_VERIFIABLE,NOT_VERIFIABLE,NO,piecewise straight interpolation between selected OSM stop coordinates,1601.357,5904.955,6993.704,"public route ID and OSM stop positions are present, but the official Seoul route file was not imported"
trip_000608,2,402,Seoul city bus 402,시청덕수궁 > 강남역,PASS,PASS,NOT_VERIFIABLE,NOT_VERIFIABLE,NO,piecewise straight interpolation between selected OSM stop coordinates,2377.035,4266.081,4359.733,"public route ID and OSM stop positions are present, but the official Seoul route file was not imported"
trip_000608,4,7016,Seoul city bus 7016,공덕역(중) > 서울역11번출구,PASS,PASS,NOT_VERIFIABLE,NOT_VERIFIABLE,NO,piecewise straight interpolation between selected OSM stop coordinates,3179.224,8350.186,9112.840,"public route ID and OSM stop positions are present, but the official Seoul route file was not imported"
trip_000610,2,7016,Seoul city bus 7016,공덕역(중) > 서울역11번출구,PASS,PASS,NOT_VERIFIABLE,NOT_VERIFIABLE,NO,piecewise straight interpolation between selected OSM stop coordinates,654.219,1222.374,1324.722,"public route ID and OSM stop positions are present, but the official Seoul route file was not imported"
trip_000611,3,402,Seoul city bus 402,강남역 > 동대문역.2번출구,PASS,PASS,NOT_VERIFIABLE,NOT_VERIFIABLE,NO,piecewise straight interpolation between selected OSM stop coordinates,1826.545,4044.835,4380.888,"public route ID and OSM stop positions are present, but the official Seoul route file was not imported"
trip_000613,2,402,Seoul city bus 402,창동이마트 > 시청덕수궁 > 강남역,PASS,PASS,NOT_VERIFIABLE,NOT_VERIFIABLE,NO,piecewise straight interpolation between selected OSM stop coordinates,2450.515,4390.414,4841.283,"public route ID and OSM stop positions are present, but the official Seoul route file was not imported"
trip_000613,4,421,Seoul city bus 421,약수역2번출구.가온도서관 > 압구정역4번출구,PASS,PASS,NOT_VERIFIABLE,NOT_VERIFIABLE,NO,piecewise straight interpolation between selected OSM stop coordinates,1047.854,1756.021,1796.965,"public route ID and OSM stop positions are present, but the official Seoul route file was not imported"
trip_000615,2,402,Seoul city bus 402,시청덕수궁 > 강남역,PASS,PASS,NOT_VERIFIABLE,NOT_VERIFIABLE,NO,piecewise straight interpolation between selected OSM stop coordinates,1441.406,3989.590,4364.221,"public route ID and OSM stop positions are present, but the official Seoul route file was not imported"
trip_000615,4,402,Seoul city bus 402,강남역 > 동대문역.2번출구,PASS,PASS,NOT_VERIFIABLE,NOT_VERIFIABLE,NO,piecewise straight interpolation between selected OSM stop coordinates,1614.931,3821.942,4187.727,"public route ID and OSM stop positions are present, but the official Seoul route file was not imported"
trip_000619,2,143,Seoul city bus 143,압구정역4번출구 > 고속터미널(중),PASS,PASS,NOT_VERIFIABLE,NOT_VERIFIABLE,NO,piecewise straight interpolation between selected OSM stop coordinates,863.369,1532.648,1554.547,"public route ID and OSM stop positions are present, but the official Seoul route file was not imported"
trip_000619,4,421,Seoul city bus 421,약수역2번출구.가온도서관 > 압구정역4번출구 > Airport Bus > 청량리미주상가앞,PASS,PASS,NOT_VERIFIABLE,NOT_VERIFIABLE,NO,piecewise straight interpolation between selected OSM stop coordinates,1208.932,2109.507,2431.991,"public route ID and OSM stop positions are present, but the official Seoul route file was not imported"
trip_000622,2,421,Seoul city bus 421,압구정역4번출구 > Airport Bus,PASS,PASS,NOT_VERIFIABLE,NOT_VERIFIABLE,NO,piecewise straight interpolation between selected OSM stop coordinates,1143.460,2556.887,3103.492,"public route ID and OSM stop positions are present, but the official Seoul route file was not imported"
trip_000622,4,740,Seoul city bus 740,연신내역.연서시장 > 시청덕수궁,PASS,PASS,NOT_VERIFIABLE,NOT_VERIFIABLE,NO,piecewise straight interpolation between selected OSM stop coordinates,1681.623,3634.115,3872.187,"public route ID and OSM stop positions are present, but the official Seoul route file was not imported"
trip_000626,2,143,Seoul city bus 143,압구정역4번출구 > 고속터미널(중),PASS,PASS,NOT_VERIFIABLE,NOT_VERIFIABLE,NO,piecewise straight interpolation between selected OSM stop coordinates,2655.592,7980.946,8852.889,"public route ID and OSM stop positions are present, but the official Seoul route file was not imported"
trip_000626,4,143,Seoul city bus 143,압구정역4번출구 > 고속터미널(중),PASS,PASS,NOT_VERIFIABLE,NOT_VERIFIABLE,NO,piecewise straight interpolation between selected OSM stop coordinates,975.185,1907.932,2017.874,"public route ID and OSM stop positions are present, but the official Seoul route file was not imported"
trip_000631,2,740,Seoul city bus 740,약수역2번출구.가온도서관 > 연신내역.연서시장 > 시청덕수궁 > 강남역,PASS,PASS,NOT_VERIFIABLE,NOT_VERIFIABLE,NO,piecewise straight interpolation between selected OSM stop coordinates,1841.121,3575.070,3913.437,"public route ID and OSM stop positions are present, but the official Seoul route file was not imported"
trip_000632,2,402,Seoul city bus 402,창동이마트 > 시청덕수궁 > 강남역,PASS,PASS,NOT_VERIFIABLE,NOT_VERIFIABLE,NO,piecewise straight interpolation between selected OSM stop coordinates,2637.236,4749.704,6699.230,"public route ID and OSM stop positions are present, but the official Seoul route file was not imported"
trip_000633,2,421,Seoul city bus 421,약수역2번출구.가온도서관 > 압구정역4번출구 > Airport Bus,PASS,PASS,NOT_VERIFIABLE,NOT_VERIFIABLE,NO,piecewise straight interpolation between selected OSM stop coordinates,1134.641,1737.072,1877.580,"public route ID and OSM stop positions are present, but the official Seoul route file was not imported"
trip_000634,2,421,Seoul city bus 421,Airport Bus > 청량리미주상가앞,PASS,PASS,NOT_VERIFIABLE,NOT_VERIFIABLE,NO,piecewise straight interpolation between selected OSM stop coordinates,1990.365,7701.910,8628.210,"public route ID and OSM stop positions are present, but the official Seoul route file was not imported"
trip_000635,2,7016,Seoul city bus 7016,"건대입구역사거리, 건대병원 > 동교동삼거리연희동방면 > 공덕역(중) > 서울역11번출구",PASS,PASS,NOT_VERIFIABLE,NOT_VERIFIABLE,NO,piecewise straight interpolation between selected OSM stop coordinates,1237.019,3989.416,4397.229,"public route ID and OSM stop positions are present, but the official Seoul route file was not imported"
trip_000637,2,402,Seoul city bus 402,강남역 > 동대문역.2번출구,PASS,PASS,NOT_VERIFIABLE,NOT_VERIFIABLE,NO,piecewise straight interpolation between selected OSM stop coordinates,2547.476,4243.531,4806.638,"public route ID and OSM stop positions are present, but the official Seoul route file was not imported"
trip_000639,2,143,Seoul city bus 143,창동이마트 > 왕십리민자역사 > 압구정역4번출구,PASS,PASS,NOT_VERIFIABLE,NOT_VERIFIABLE,NO,piecewise straight interpolation between selected OSM stop coordinates,3378.183,5734.942,6509.172,"public route ID and OSM stop positions are present, but the official Seoul route file was not imported"
trip_000640,3,402,Seoul city bus 402,시청덕수궁 > 강남역 > 동대문역.2번출구,PASS,PASS,NOT_VERIFIABLE,NOT_VERIFIABLE,NO,piecewise straight interpolation between selected OSM stop coordinates,2247.093,4074.288,4368.046,"public route ID and OSM stop positions are present, but the official Seoul route file was not imported"
trip_000642,2,740,Seoul city bus 740,연신내역.연서시장 > 시청덕수궁,PASS,PASS,NOT_VERIFIABLE,NOT_VERIFIABLE,NO,piecewise straight interpolation between selected OSM stop coordinates,2552.445,3779.094,4079.802,"public route ID and OSM stop positions are present, but the official Seoul route file was not imported"
trip_000644,2,402,Seoul city bus 402,창동이마트 > 시청덕수궁 > 강남역,PASS,PASS,NOT_VERIFIABLE,NOT_VERIFIABLE,NO,piecewise straight interpolation between selected OSM stop coordinates,2372.602,4359.818,4809.171,"public route ID and OSM stop positions are present, but the official Seoul route file was not imported"
trip_000644,4,402,Seoul city bus 402,시청덕수궁 > 강남역 > 동대문역.2번출구,PASS,PASS,NOT_VERIFIABLE,NOT_VERIFIABLE,NO,piecewise straight interpolation between selected OSM stop coordinates,1813.929,4002.267,4345.680,"public route ID and OSM stop positions are present, but the official Seoul route file was not imported"
trip_000646,2,740,Seoul city bus 740,약수역2번출구.가온도서관 > 연신내역.연서시장 > 시청덕수궁 > 강남역,PASS,PASS,NOT_VERIFIABLE,NOT_VERIFIABLE,NO,piecewise straight interpolation between selected OSM stop coordinates,2053.267,3705.234,4605.568,"public route ID and OSM stop positions are present, but the official Seoul route file was not imported"
trip_000646,4,7016,Seoul city bus 7016,동교동삼거리연희동방면 > 공덕역(중),PASS,PASS,NOT_VERIFIABLE,NOT_VERIFIABLE,NO,piecewise straight interpolation between selected OSM stop coordinates,1764.335,5077.758,5364.614,"public route ID and OSM stop positions are present, but the official Seoul route file was not imported"
trip_000647,2,7016,Seoul city bus 7016,동교동삼거리연희동방면 > 공덕역(중),PASS,PASS,NOT_VERIFIABLE,NOT_VERIFIABLE,NO,piecewise straight interpolation between selected OSM stop coordinates,1666.687,5196.156,5489.615,"public route ID and OSM stop positions are present, but the official Seoul route file was not imported"
trip_000647,4,421,Seoul city bus 421,약수역2번출구.가온도서관 > 압구정역4번출구 > Airport Bus > 청량리미주상가앞,PASS,PASS,NOT_VERIFIABLE,NOT_VERIFIABLE,NO,piecewise straight interpolation between selected OSM stop coordinates,1343.264,5078.618,6814.621,"public route ID and OSM stop positions are present, but the official Seoul route file was not imported"
trip_000649,2,421,Seoul city bus 421,Airport Bus > 청량리미주상가앞,PASS,PASS,NOT_VERIFIABLE,NOT_VERIFIABLE,NO,piecewise straight interpolation between selected OSM stop coordinates,1838.819,6116.659,7010.592,"public route ID and OSM stop positions are present, but the official Seoul route file was not imported"
trip_000655,3,740,Seoul city bus 740,약수역2번출구.가온도서관 > 연신내역.연서시장 > 시청덕수궁,PASS,PASS,NOT_VERIFIABLE,NOT_VERIFIABLE,NO,piecewise straight interpolation between selected OSM stop coordinates,1711.440,3634.387,3916.429,"public route ID and OSM stop positions are present, but the official Seoul route file was not imported"
trip_000658,2,7016,Seoul city bus 7016,공덕역(중) > 서울역11번출구,PASS,PASS,NOT_VERIFIABLE,NOT_VERIFIABLE,NO,piecewise straight interpolation between selected OSM stop coordinates,1001.705,3008.277,3354.091,"public route ID and OSM stop positions are present, but the official Seoul route file was not imported"
trip_000658,4,143,Seoul city bus 143,왕십리민자역사 > 압구정역4번출구 > 고속터미널(중),PASS,PASS,NOT_VERIFIABLE,NOT_VERIFIABLE,NO,piecewise straight interpolation between selected OSM stop coordinates,1083.965,2958.706,3566.487,"public route ID and OSM stop positions are present, but the official Seoul route file was not imported"
trip_000662,2,143,Seoul city bus 143,왕십리민자역사 > 압구정역4번출구,PASS,PASS,NOT_VERIFIABLE,NOT_VERIFIABLE,NO,piecewise straight interpolation between selected OSM stop coordinates,1992.987,5963.190,6303.345,"public route ID and OSM stop positions are present, but the official Seoul route file was not imported"
trip_000663,2,402,Seoul city bus 402,시청덕수궁 > 강남역,PASS,PASS,NOT_VERIFIABLE,NOT_VERIFIABLE,NO,piecewise straight interpolation between selected OSM stop coordinates,1437.287,3929.515,4362.877,"public route ID and OSM stop positions are present, but the official Seoul route file was not imported"
trip_000663,4,740,Seoul city bus 740,시청덕수궁 > 강남역,PASS,PASS,NOT_VERIFIABLE,NOT_VERIFIABLE,NO,piecewise straight interpolation between selected OSM stop coordinates,1640.736,3164.410,3461.774,"public route ID and OSM stop positions are present, but the official Seoul route file was not imported"
trip_000664,2,143,Seoul city bus 143,압구정역4번출구 > 고속터미널(중),PASS,PASS,NOT_VERIFIABLE,NOT_VERIFIABLE,NO,piecewise straight interpolation between selected OSM stop coordinates,4250.911,11024.654,11654.127,"public route ID and OSM stop positions are present, but the official Seoul route file was not imported"
trip_000667,3,740,Seoul city bus 740,연신내역.연서시장 > 시청덕수궁,PASS,PASS,NOT_VERIFIABLE,NOT_VERIFIABLE,NO,piecewise straight interpolation between selected OSM stop coordinates,2787.619,4946.707,5574.083,"public route ID and OSM stop positions are present, but the official Seoul route file was not imported"
trip_000669,2,421,Seoul city bus 421,약수역2번출구.가온도서관 > 압구정역4번출구 > Airport Bus,PASS,PASS,NOT_VERIFIABLE,NOT_VERIFIABLE,NO,piecewise straight interpolation between selected OSM stop coordinates,1511.305,5327.321,6509.459,"public route ID and OSM stop positions are present, but the official Seoul route file was not imported"
trip_000669,4,402,Seoul city bus 402,창동이마트 > 시청덕수궁 > 강남역,PASS,PASS,NOT_VERIFIABLE,NOT_VERIFIABLE,NO,piecewise straight interpolation between selected OSM stop coordinates,2807.463,9462.007,12456.248,"public route ID and OSM stop positions are present, but the official Seoul route file was not imported"
trip_000672,2,740,Seoul city bus 740,연신내역.연서시장 > 시청덕수궁,PASS,PASS,NOT_VERIFIABLE,NOT_VERIFIABLE,NO,piecewise straight interpolation between selected OSM stop coordinates,2177.475,3753.906,4060.898,"public route ID and OSM stop positions are present, but the official Seoul route file was not imported"
trip_000675,3,143,Seoul city bus 143,왕십리민자역사 > 압구정역4번출구,PASS,PASS,NOT_VERIFIABLE,NOT_VERIFIABLE,NO,piecewise straight interpolation between selected OSM stop coordinates,2480.998,5912.223,6816.556,"public route ID and OSM stop positions are present, but the official Seoul route file was not imported"
trip_000676,2,421,Seoul city bus 421,약수역2번출구.가온도서관 > 압구정역4번출구,PASS,PASS,NOT_VERIFIABLE,NOT_VERIFIABLE,NO,piecewise straight interpolation between selected OSM stop coordinates,1038.384,1752.970,1798.217,"public route ID and OSM stop positions are present, but the official Seoul route file was not imported"
trip_000676,4,740,Seoul city bus 740,시청덕수궁 > 강남역,PASS,PASS,NOT_VERIFIABLE,NOT_VERIFIABLE,NO,piecewise straight interpolation between selected OSM stop coordinates,1747.439,3195.630,3456.376,"public route ID and OSM stop positions are present, but the official Seoul route file was not imported"
trip_000680,2,143,Seoul city bus 143,압구정역4번출구 > 고속터미널(중),PASS,PASS,NOT_VERIFIABLE,NOT_VERIFIABLE,NO,piecewise straight interpolation between selected OSM stop coordinates,1049.445,2476.555,2504.833,"public route ID and OSM stop positions are present, but the official Seoul route file was not imported"
trip_000682,3,740,Seoul city bus 740,약수역2번출구.가온도서관 > 연신내역.연서시장 > 시청덕수궁 > 강남역,PASS,PASS,NOT_VERIFIABLE,NOT_VERIFIABLE,NO,piecewise straight interpolation between selected OSM stop coordinates,1838.144,3536.202,3914.171,"public route ID and OSM stop positions are present, but the official Seoul route file was not imported"
trip_000684,2,402,Seoul city bus 402,창동이마트 > 시청덕수궁,PASS,PASS,NOT_VERIFIABLE,NOT_VERIFIABLE,NO,piecewise straight interpolation between selected OSM stop coordinates,2576.562,4671.882,4867.738,"public route ID and OSM stop positions are present, but the official Seoul route file was not imported"
trip_000684,4,143,Seoul city bus 143,왕십리민자역사 > 압구정역4번출구 > 고속터미널(중),PASS,PASS,NOT_VERIFIABLE,NOT_VERIFIABLE,NO,piecewise straight interpolation between selected OSM stop coordinates,3119.525,9594.898,11038.164,"public route ID and OSM stop positions are present, but the official Seoul route file was not imported"
trip_000685,3,421,Seoul city bus 421,Airport Bus > 청량리미주상가앞,PASS,PASS,NOT_VERIFIABLE,NOT_VERIFIABLE,NO,piecewise straight interpolation between selected OSM stop coordinates,1874.505,6274.600,7016.883,"public route ID and OSM stop positions are present, but the official Seoul route file was not imported"
trip_000686,3,421,Seoul city bus 421,Airport Bus > 청량리미주상가앞,PASS,PASS,NOT_VERIFIABLE,NOT_VERIFIABLE,NO,piecewise straight interpolation between selected OSM stop coordinates,1685.883,2367.203,3111.733,"public route ID and OSM stop positions are present, but the official Seoul route file was not imported"
trip_000688,3,740,Seoul city bus 740,시청덕수궁 > 강남역,PASS,PASS,NOT_VERIFIABLE,NOT_VERIFIABLE,NO,piecewise straight interpolation between selected OSM stop coordinates,2101.707,5648.641,6688.955,"public route ID and OSM stop positions are present, but the official Seoul route file was not imported"
trip_000689,2,740,Seoul city bus 740,연신내역.연서시장 > 시청덕수궁,PASS,PASS,NOT_VERIFIABLE,NOT_VERIFIABLE,NO,piecewise straight interpolation between selected OSM stop coordinates,1686.978,3579.260,3850.395,"public route ID and OSM stop positions are present, but the official Seoul route file was not imported"
trip_000689,4,7016,Seoul city bus 7016,공덕역(중) > 서울역11번출구,PASS,PASS,NOT_VERIFIABLE,NOT_VERIFIABLE,NO,piecewise straight interpolation between selected OSM stop coordinates,3089.547,8303.278,9140.354,"public route ID and OSM stop positions are present, but the official Seoul route file was not imported"
trip_000691,3,402,Seoul city bus 402,시청덕수궁 > 강남역,PASS,PASS,NOT_VERIFIABLE,NOT_VERIFIABLE,NO,piecewise straight interpolation between selected OSM stop coordinates,1440.107,3929.445,4361.341,"public route ID and OSM stop positions are present, but the official Seoul route file was not imported"
trip_000692,2,421,Seoul city bus 421,압구정역4번출구 > Airport Bus > 청량리미주상가앞,PASS,PASS,NOT_VERIFIABLE,NOT_VERIFIABLE,NO,piecewise straight interpolation between selected OSM stop coordinates,3135.527,14129.295,16296.357,"public route ID and OSM stop positions are present, but the official Seoul route file was not imported"
trip_000696,2,740,Seoul city bus 740,연신내역.연서시장 > 시청덕수궁 > 강남역,PASS,PASS,NOT_VERIFIABLE,NOT_VERIFIABLE,NO,piecewise straight interpolation between selected OSM stop coordinates,2138.445,5483.558,5857.193,"public route ID and OSM stop positions are present, but the official Seoul route file was not imported"
trip_000696,4,402,Seoul city bus 402,강남역 > 동대문역.2번출구,PASS,PASS,NOT_VERIFIABLE,NOT_VERIFIABLE,NO,piecewise straight interpolation between selected OSM stop coordinates,2297.779,4055.783,4351.605,"public route ID and OSM stop positions are present, but the official Seoul route file was not imported"
trip_000697,2,740,Seoul city bus 740,약수역2번출구.가온도서관 > 연신내역.연서시장,PASS,PASS,NOT_VERIFIABLE,NOT_VERIFIABLE,NO,piecewise straight interpolation between selected OSM stop coordinates,1705.012,4591.746,5853.207,"public route ID and OSM stop positions are present, but the official Seoul route file was not imported"
