trip_id,segment_id,scenario_type,line,boarding_station,alighting_station,station_sequence,gps_point_count,start_distance_to_expected_station_m,end_distance_to_expected_station_m,median_distance_to_nearest_expected_station_m,p95_distance_to_nearest_expected_station_m,max_distance_to_nearest_expected_station_m,stored_reference_order,actual_line5_order,status_reason
trip_000401,1,rail,line_7,건대입구,가산디지털단지,건대입구 > 고속터미널 > 이수 > 가산디지털단지,372,0.718,4.465,1543.328,3860.538,4391.098,PASS,NOT_VERIFIABLE_FULL_REFERENCE,compact station reference has no complete line geometry or full station sequence
trip_000402,1,rail,line_7,고속터미널,가산디지털단지,고속터미널 > 이수 > 가산디지털단지,244,4.300,5.413,1230.786,4008.016,4380.558,PASS,NOT_VERIFIABLE_FULL_REFERENCE,compact station reference has no complete line geometry or full station sequence
trip_000403,1,rail,line_2,선릉,왕십리,선릉 > 삼성 > 왕십리,182,1.717,1.591,795.250,1796.253,2036.733,PASS,NOT_VERIFIABLE_FULL_REFERENCE,compact station reference has no complete line geometry or full station sequence
trip_000404,1,rail,line_6,합정,이태원,합정 > 공덕 > 이태원,195,2.625,3.593,826.904,1756.751,1966.133,PASS,NOT_VERIFIABLE_FULL_REFERENCE,compact station reference has no complete line geometry or full station sequence
trip_000405,1,rail,line_3,종로3가,고속터미널,종로3가 > 압구정 > 고속터미널,182,26.382,116.813,1052.204,2596.069,2913.876,PASS,NOT_VERIFIABLE_FULL_REFERENCE,compact station reference has no complete line geometry or full station sequence
trip_000406,1,rail,line_7,이수,가산디지털단지,이수 > 가산디지털단지,168,6.005,5.270,1629.991,4074.325,4381.903,PASS,NOT_VERIFIABLE_FULL_REFERENCE,compact station reference has no complete line geometry or full station sequence
trip_000407,1,rail,line_5,마곡나루,왕십리,마곡나루 > 공덕 > 여의도 > 왕십리,627,2.748,5.101,1779.631,4545.505,5129.799,PASS,FAIL,"compact Line 5 reference has Gongdeok before Yeouido, which reverses the real selected order"
trip_000408,1,rail,line_3,교대,양재,교대 > 양재,40,9.103,8.391,386.299,958.505,1029.669,PASS,NOT_VERIFIABLE_FULL_REFERENCE,compact station reference has no complete line geometry or full station sequence
trip_000409,1,rail,line_3,고속터미널,일원,고속터미널 > 교대 > 양재 > 일원,164,2.689,15.324,598.615,1961.886,2183.847,PASS,NOT_VERIFIABLE_FULL_REFERENCE,compact station reference has no complete line geometry or full station sequence
trip_000410,1,rail,line_1,시청,청량리,시청 > 종각 > 종로3가 > 동대문 > 청량리,138,7.507,30.028,359.594,1484.296,1688.412,PASS,NOT_VERIFIABLE_FULL_REFERENCE,compact station reference has no complete line geometry or full station sequence
trip_000411,1,rail,line_4,명동,사당,명동 > 서울역 > 사당,258,10.847,1.891,1146.230,3915.574,4244.447,PASS,NOT_VERIFIABLE_FULL_REFERENCE,compact station reference has no complete line geometry or full station sequence
trip_000412,1,rail,line_7,고속터미널,가산디지털단지,고속터미널 > 이수 > 가산디지털단지,243,3.130,49.434,1192.461,3971.834,4393.660,PASS,NOT_VERIFIABLE_FULL_REFERENCE,compact station reference has no complete line geometry or full station sequence
trip_000413,1,rail,line_4,창동,서울역,창동 > 동대문역사문화공원 > 명동 > 서울역,280,6.394,24.403,1085.469,4665.430,5140.900,PASS,NOT_VERIFIABLE_FULL_REFERENCE,compact station reference has no complete line geometry or full station sequence
trip_000414,1,rail,line_9,고속터미널,신논현,고속터미널 > 신논현,40,14.259,11.163,306.778,785.164,856.092,PASS,NOT_VERIFIABLE_FULL_REFERENCE,compact station reference has no complete line geometry or full station sequence
trip_000415,1,rail,line_5,공덕,왕십리,공덕 > 여의도 > 왕십리,315,12.193,21.853,1352.757,3608.610,4045.285,PASS,FAIL,"compact Line 5 reference has Gongdeok before Yeouido, which reverses the real selected order"
trip_000416,1,rail,line_9,김포공항,신논현,김포공항 > 여의도 > 노량진 > 고속터미널 > 신논현,450,1.357,22.444,1478.335,5226.910,5846.232,PASS,NOT_VERIFIABLE_FULL_REFERENCE,compact station reference has no complete line geometry or full station sequence
trip_000417,1,rail,line_6,공덕,약수,공덕 > 이태원 > 약수,140,3.998,9.473,750.313,1787.701,1971.861,PASS,NOT_VERIFIABLE_FULL_REFERENCE,compact station reference has no complete line geometry or full station sequence
trip_000418,1,rail,line_9,김포공항,신논현,김포공항 > 여의도 > 노량진 > 고속터미널 > 신논현,557,3.334,1.896,1467.601,5241.953,5841.040,PASS,NOT_VERIFIABLE_FULL_REFERENCE,compact station reference has no complete line geometry or full station sequence
trip_000419,1,rail,line_7,고속터미널,이수,고속터미널 > 이수,66,5.684,6.529,549.560,1356.317,1478.607,PASS,NOT_VERIFIABLE_FULL_REFERENCE,compact station reference has no complete line geometry or full station sequence
trip_000420,1,rail,line_5,김포공항,여의도,김포공항 > 마곡나루 > 공덕 > 여의도,362,1.848,5.355,1134.394,4597.450,5126.717,PASS,FAIL,"compact Line 5 reference has Gongdeok before Yeouido, which reverses the real selected order"
trip_000421,1,rail,line_1,서울역,청량리,서울역 > 시청 > 종각 > 종로3가 > 동대문 > 청량리,199,9.824,6.261,401.970,1472.337,1672.460,PASS,NOT_VERIFIABLE_FULL_REFERENCE,compact station reference has no complete line geometry or full station sequence
trip_000422,1,rail,line_4,창동,명동,창동 > 동대문역사문화공원 > 명동,267,3.000,0.654,1419.959,4731.755,5162.292,PASS,NOT_VERIFIABLE_FULL_REFERENCE,compact station reference has no complete line geometry or full station sequence
trip_000423,1,rail,line_7,이수,가산디지털단지,이수 > 가산디지털단지,193,1.398,2.580,1638.321,4072.969,4363.684,PASS,NOT_VERIFIABLE_FULL_REFERENCE,compact station reference has no complete line geometry or full station sequence
trip_000424,1,rail,line_6,약수,태릉입구,약수 > 태릉입구,155,21.510,21.922,1711.501,4164.451,4498.749,PASS,NOT_VERIFIABLE_FULL_REFERENCE,compact station reference has no complete line geometry or full station sequence
trip_000425,1,rail,line_1,서울역,종로3가,서울역 > 시청 > 종각 > 종로3가,72,12.872,18.364,250.092,635.781,721.008,PASS,NOT_VERIFIABLE_FULL_REFERENCE,compact station reference has no complete line geometry or full station sequence
trip_000426,1,rail,line_6,이태원,태릉입구,이태원 > 약수 > 태릉입구,258,9.118,1.804,1161.848,4127.230,4519.244,PASS,NOT_VERIFIABLE_FULL_REFERENCE,compact station reference has no complete line geometry or full station sequence
trip_000427,1,rail,line_3,연신내,압구정,연신내 > 불광 > 종로3가 > 압구정,250,2.244,9.921,1196.439,3044.301,3510.339,PASS,NOT_VERIFIABLE_FULL_REFERENCE,compact station reference has no complete line geometry or full station sequence
trip_000428,1,rail,line_7,고속터미널,이수,고속터미널 > 이수,58,25.690,22.250,506.030,1357.962,1470.949,PASS,NOT_VERIFIABLE_FULL_REFERENCE,compact station reference has no complete line geometry or full station sequence
trip_000429,1,rail,line_6,이태원,약수,이태원 > 약수,64,1.607,9.325,499.794,1228.117,1326.548,PASS,NOT_VERIFIABLE_FULL_REFERENCE,compact station reference has no complete line geometry or full station sequence
trip_000430,1,rail,line_3,종로3가,일원,종로3가 > 압구정 > 고속터미널 > 교대 > 양재 > 일원,371,11.256,7.368,919.789,2508.851,2912.956,PASS,NOT_VERIFIABLE_FULL_REFERENCE,compact station reference has no complete line geometry or full station sequence
trip_000431,1,rail,line_6,약수,태릉입구,약수 > 태릉입구,242,0.739,6.450,1685.832,4193.662,4510.674,PASS,NOT_VERIFIABLE_FULL_REFERENCE,compact station reference has no complete line geometry or full station sequence
trip_000432,1,rail,line_4,명동,서울역,명동 > 서울역,34,13.043,1.221,251.070,691.137,749.957,PASS,NOT_VERIFIABLE_FULL_REFERENCE,compact station reference has no complete line geometry or full station sequence
trip_000433,1,rail,line_3,압구정,양재,압구정 > 고속터미널 > 교대 > 양재,140,5.662,6.096,528.124,1384.442,1545.661,PASS,NOT_VERIFIABLE_FULL_REFERENCE,compact station reference has no complete line geometry or full station sequence
trip_000434,1,rail,line_3,종로3가,일원,종로3가 > 압구정 > 고속터미널 > 교대 > 양재 > 일원,322,10.094,15.842,925.670,2477.475,2922.772,PASS,NOT_VERIFIABLE_FULL_REFERENCE,compact station reference has no complete line geometry or full station sequence
trip_000435,1,rail,line_1,동대문,청량리,동대문 > 청량리,65,2.273,2.284,619.206,1554.178,1679.734,PASS,NOT_VERIFIABLE_FULL_REFERENCE,compact station reference has no complete line geometry or full station sequence
trip_000436,1,rail,line_2,건대입구,삼성,건대입구 > 강남 > 선릉 > 삼성,208,3.451,21.312,686.355,1854.073,2015.729,PASS,NOT_VERIFIABLE_FULL_REFERENCE,compact station reference has no complete line geometry or full station sequence
trip_000437,1,rail,line_7,이수,가산디지털단지,이수 > 가산디지털단지,185,11.350,0.699,1692.098,4086.393,4377.969,PASS,NOT_VERIFIABLE_FULL_REFERENCE,compact station reference has no complete line geometry or full station sequence
trip_000438,1,rail,line_1,종로3가,동대문,종로3가 > 동대문,40,10.778,2.422,316.309,777.258,823.341,PASS,NOT_VERIFIABLE_FULL_REFERENCE,compact station reference has no complete line geometry or full station sequence
trip_000439,1,rail,line_1,서울역,청량리,서울역 > 시청 > 종각 > 종로3가 > 동대문 > 청량리,164,17.919,7.097,406.197,1451.062,1678.681,PASS,NOT_VERIFIABLE_FULL_REFERENCE,compact station reference has no complete line geometry or full station sequence
trip_000440,1,rail,line_4,동대문역사문화공원,서울역,동대문역사문화공원 > 명동 > 서울역,64,7.522,23.581,395.884,859.706,980.202,PASS,NOT_VERIFIABLE_FULL_REFERENCE,compact station reference has no complete line geometry or full station sequence
trip_000441,1,rail,line_6,이태원,태릉입구,이태원 > 약수 > 태릉입구,208,22.558,18.611,1186.908,4094.879,4490.612,PASS,NOT_VERIFIABLE_FULL_REFERENCE,compact station reference has no complete line geometry or full station sequence
trip_000442,1,rail,line_7,이수,가산디지털단지,이수 > 가산디지털단지,225,2.177,18.241,1676.138,4074.391,4380.178,PASS,NOT_VERIFIABLE_FULL_REFERENCE,compact station reference has no complete line geometry or full station sequence
trip_000443,1,rail,line_2,건대입구,삼성,건대입구 > 강남 > 선릉 > 삼성,227,14.883,11.042,681.474,1860.896,2017.744,PASS,NOT_VERIFIABLE_FULL_REFERENCE,compact station reference has no complete line geometry or full station sequence
trip_000444,1,rail,line_3,종로3가,고속터미널,종로3가 > 압구정 > 고속터미널,226,10.766,4.517,990.946,2649.276,2919.045,PASS,NOT_VERIFIABLE_FULL_REFERENCE,compact station reference has no complete line geometry or full station sequence
trip_000445,1,rail,line_5,마곡나루,여의도,마곡나루 > 공덕 > 여의도,374,9.335,20.479,1498.149,4718.229,5141.220,PASS,FAIL,"compact Line 5 reference has Gongdeok before Yeouido, which reverses the real selected order"
trip_000446,1,rail,line_4,명동,서울역,명동 > 서울역,26,3.412,7.799,252.741,674.920,750.959,PASS,NOT_VERIFIABLE_FULL_REFERENCE,compact station reference has no complete line geometry or full station sequence
trip_000447,1,rail,line_1,종로3가,동대문,종로3가 > 동대문,37,12.374,45.253,311.889,777.068,823.747,PASS,NOT_VERIFIABLE_FULL_REFERENCE,compact station reference has no complete line geometry or full station sequence
trip_000448,1,rail,line_3,종로3가,교대,종로3가 > 압구정 > 고속터미널 > 교대,242,2.788,3.916,757.111,2592.011,2910.896,PASS,NOT_VERIFIABLE_FULL_REFERENCE,compact station reference has no complete line geometry or full station sequence
trip_000449,1,rail,line_5,공덕,왕십리,공덕 > 여의도 > 왕십리,375,12.559,4.245,1336.874,3644.846,4042.915,PASS,FAIL,"compact Line 5 reference has Gongdeok before Yeouido, which reverses the real selected order"
trip_000450,1,rail,line_5,김포공항,여의도,김포공항 > 마곡나루 > 공덕 > 여의도,325,8.123,5.997,1111.084,4607.374,5125.072,PASS,FAIL,"compact Line 5 reference has Gongdeok before Yeouido, which reverses the real selected order"
trip_000451,1,rail,line_4,서울역,사당,서울역 > 사당,160,0.679,13.068,1606.093,3943.990,4222.973,PASS,NOT_VERIFIABLE_FULL_REFERENCE,compact station reference has no complete line geometry or full station sequence
trip_000452,1,rail,line_7,고속터미널,가산디지털단지,고속터미널 > 이수 > 가산디지털단지,216,1.632,26.437,1235.333,3992.817,4365.087,PASS,NOT_VERIFIABLE_FULL_REFERENCE,compact station reference has no complete line geometry or full station sequence
trip_000453,1,rail,line_9,김포공항,여의도,김포공항 > 여의도,256,9.928,2.631,2206.253,5430.569,5835.781,PASS,NOT_VERIFIABLE_FULL_REFERENCE,compact station reference has no complete line geometry or full station sequence
trip_000454,1,rail,line_4,명동,사당,명동 > 서울역 > 사당,200,14.893,4.194,1122.716,3914.997,4255.918,PASS,NOT_VERIFIABLE_FULL_REFERENCE,compact station reference has no complete line geometry or full station sequence
trip_000455,1,rail,line_1,시청,동대문,시청 > 종각 > 종로3가 > 동대문,79,2.317,8.373,245.493,742.492,841.460,PASS,NOT_VERIFIABLE_FULL_REFERENCE,compact station reference has no complete line geometry or full station sequence
trip_000456,1,rail,line_3,불광,교대,불광 > 종로3가 > 압구정 > 고속터미널 > 교대,339,2.390,1.982,1063.418,3090.167,3535.686,PASS,NOT_VERIFIABLE_FULL_REFERENCE,compact station reference has no complete line geometry or full station sequence
trip_000457,1,rail,line_9,고속터미널,신논현,고속터미널 > 신논현,37,13.777,8.638,294.162,794.290,835.929,PASS,NOT_VERIFIABLE_FULL_REFERENCE,compact station reference has no complete line geometry or full station sequence
trip_000458,1,rail,line_6,약수,태릉입구,약수 > 태릉입구,172,13.953,13.075,1701.409,4200.414,4487.269,PASS,NOT_VERIFIABLE_FULL_REFERENCE,compact station reference has no complete line geometry or full station sequence
trip_000459,1,rail,line_9,김포공항,신논현,김포공항 > 여의도 > 노량진 > 고속터미널 > 신논현,529,2.275,3.425,1487.351,5222.139,5861.200,PASS,NOT_VERIFIABLE_FULL_REFERENCE,compact station reference has no complete line geometry or full station sequence
trip_000460,1,rail,line_2,삼성,왕십리,삼성 > 왕십리,144,1.341,27.717,883.733,1851.486,2033.176,PASS,NOT_VERIFIABLE_FULL_REFERENCE,compact station reference has no complete line geometry or full station sequence
trip_000461,1,rail,line_2,강남,삼성,강남 > 선릉 > 삼성,80,8.118,14.027,366.063,887.689,986.989,PASS,NOT_VERIFIABLE_FULL_REFERENCE,compact station reference has no complete line geometry or full station sequence
trip_000462,1,rail,line_3,교대,일원,교대 > 양재 > 일원,154,8.845,10.445,687.824,1995.242,2215.700,PASS,NOT_VERIFIABLE_FULL_REFERENCE,compact station reference has no complete line geometry or full station sequence
trip_000463,1,rail,line_5,공덕,왕십리,공덕 > 여의도 > 왕십리,279,5.416,6.548,1351.964,3625.585,4020.721,PASS,FAIL,"compact Line 5 reference has Gongdeok before Yeouido, which reverses the real selected order"
trip_000464,1,rail,line_2,합정,시청,합정 > 신촌 > 시청,130,6.372,22.434,494.653,1378.687,1546.209,PASS,NOT_VERIFIABLE_FULL_REFERENCE,compact station reference has no complete line geometry or full station sequence
trip_000465,1,rail,line_2,신촌,왕십리,신촌 > 시청 > 을지로입구 > 잠실 > 성수 > 건대입구 > 강남 > 선릉 > 삼성 > 왕십리,688,18.971,7.354,1014.900,2101.025,2694.395,PASS,NOT_VERIFIABLE_FULL_REFERENCE,compact station reference has no complete line geometry or full station sequence
trip_000466,1,rail,line_3,양재,일원,양재 > 일원,94,2.915,3.629,813.759,2042.614,2215.185,PASS,NOT_VERIFIABLE_FULL_REFERENCE,compact station reference has no complete line geometry or full station sequence
trip_000467,1,rail,line_6,공덕,이태원,공덕 > 이태원,89,3.862,17.635,700.837,1841.238,1984.450,PASS,NOT_VERIFIABLE_FULL_REFERENCE,compact station reference has no complete line geometry or full station sequence
trip_000468,1,rail,line_4,명동,사당,명동 > 서울역 > 사당,216,8.758,6.646,1110.404,3877.275,4209.264,PASS,NOT_VERIFIABLE_FULL_REFERENCE,compact station reference has no complete line geometry or full station sequence
trip_000469,1,rail,line_3,불광,일원,불광 > 종로3가 > 압구정 > 고속터미널 > 교대 > 양재 > 일원,544,8.494,14.604,1081.490,2972.176,3555.370,PASS,NOT_VERIFIABLE_FULL_REFERENCE,compact station reference has no complete line geometry or full station sequence
trip_000470,1,rail,line_6,공덕,태릉입구,공덕 > 이태원 > 약수 > 태릉입구,355,5.074,13.900,1239.559,4040.237,4501.039,PASS,NOT_VERIFIABLE_FULL_REFERENCE,compact station reference has no complete line geometry or full station sequence
trip_000471,1,rail,line_2,건대입구,삼성,건대입구 > 강남 > 선릉 > 삼성,238,2.269,5.801,670.888,1855.023,2022.728,PASS,NOT_VERIFIABLE_FULL_REFERENCE,compact station reference has no complete line geometry or full station sequence
trip_000472,1,rail,line_9,고속터미널,신논현,고속터미널 > 신논현,46,2.359,6.018,314.996,788.140,845.503,PASS,NOT_VERIFIABLE_FULL_REFERENCE,compact station reference has no complete line geometry or full station sequence
trip_000473,1,rail,line_1,종로3가,청량리,종로3가 > 동대문 > 청량리,105,4.024,2.681,528.109,1523.630,1663.288,PASS,NOT_VERIFIABLE_FULL_REFERENCE,compact station reference has no complete line geometry or full station sequence
trip_000474,1,rail,line_4,명동,사당,명동 > 서울역 > 사당,269,2.435,4.310,1186.127,3910.958,4252.044,PASS,NOT_VERIFIABLE_FULL_REFERENCE,compact station reference has no complete line geometry or full station sequence
trip_000475,1,rail,line_3,종로3가,일원,종로3가 > 압구정 > 고속터미널 > 교대 > 양재 > 일원,443,1.709,12.143,897.201,2524.671,2930.460,PASS,NOT_VERIFIABLE_FULL_REFERENCE,compact station reference has no complete line geometry or full station sequence
trip_000476,1,rail,line_9,노량진,고속터미널,노량진 > 고속터미널,156,1.844,7.789,1067.183,2612.460,2801.792,PASS,NOT_VERIFIABLE_FULL_REFERENCE,compact station reference has no complete line geometry or full station sequence
trip_000477,1,rail,line_2,강남,왕십리,강남 > 선릉 > 삼성 > 왕십리,188,3.046,3.884,730.706,1722.268,2016.945,PASS,NOT_VERIFIABLE_FULL_REFERENCE,compact station reference has no complete line geometry or full station sequence
trip_000478,1,rail,line_4,창동,명동,창동 > 동대문역사문화공원 > 명동,255,1.817,9.362,1406.814,4698.608,5146.594,PASS,NOT_VERIFIABLE_FULL_REFERENCE,compact station reference has no complete line geometry or full station sequence
trip_000479,1,rail,line_3,양재,일원,양재 > 일원,97,1.746,4.177,796.943,2058.566,2199.123,PASS,NOT_VERIFIABLE_FULL_REFERENCE,compact station reference has no complete line geometry or full station sequence
trip_000480,1,rail,line_6,이태원,태릉입구,이태원 > 약수 > 태릉입구,278,10.465,3.185,1178.436,4135.801,4504.154,PASS,NOT_VERIFIABLE_FULL_REFERENCE,compact station reference has no complete line geometry or full station sequence
trip_000481,1,rail,line_1,종각,청량리,종각 > 종로3가 > 동대문 > 청량리,137,6.076,3.759,425.586,1495.001,1681.961,PASS,NOT_VERIFIABLE_FULL_REFERENCE,compact station reference has no complete line geometry or full station sequence
trip_000482,1,rail,line_5,김포공항,마곡나루,김포공항 > 마곡나루,64,7.370,3.730,434.310,1104.868,1189.155,PASS,PASS,selected station order compared with known Line 5 order
trip_000483,1,rail,line_4,서울역,사당,서울역 > 사당,155,3.677,2.293,1549.391,3909.091,4255.487,PASS,NOT_VERIFIABLE_FULL_REFERENCE,compact station reference has no complete line geometry or full station sequence
trip_000484,1,rail,line_5,김포공항,공덕,김포공항 > 마곡나루 > 공덕,251,8.380,10.379,1486.249,4732.212,5118.291,PASS,PASS,selected station order compared with known Line 5 order
trip_000485,1,rail,line_4,명동,서울역,명동 > 서울역,32,8.305,4.449,258.439,687.450,735.742,PASS,NOT_VERIFIABLE_FULL_REFERENCE,compact station reference has no complete line geometry or full station sequence
trip_000486,1,rail,line_2,삼성,왕십리,삼성 > 왕십리,123,8.429,8.075,898.556,1852.846,2024.534,PASS,NOT_VERIFIABLE_FULL_REFERENCE,compact station reference has no complete line geometry or full station sequence
trip_000487,1,rail,line_1,동대문,청량리,동대문 > 청량리,64,4.759,23.717,617.147,1526.614,1657.994,PASS,NOT_VERIFIABLE_FULL_REFERENCE,compact station reference has no complete line geometry or full station sequence
trip_000488,1,rail,line_2,을지로입구,왕십리,을지로입구 > 잠실 > 성수 > 건대입구 > 강남 > 선릉 > 삼성 > 왕십리,830,12.654,11.103,1108.621,2227.903,2700.375,PASS,NOT_VERIFIABLE_FULL_REFERENCE,compact station reference has no complete line geometry or full station sequence
trip_000489,1,rail,line_7,건대입구,이수,건대입구 > 고속터미널 > 이수,197,0.077,7.682,1052.728,3179.200,3500.843,PASS,NOT_VERIFIABLE_FULL_REFERENCE,compact station reference has no complete line geometry or full station sequence
trip_000490,1,rail,line_9,고속터미널,신논현,고속터미널 > 신논현,29,2.523,7.825,318.654,759.606,853.214,PASS,NOT_VERIFIABLE_FULL_REFERENCE,compact station reference has no complete line geometry or full station sequence
trip_000491,1,rail,line_3,종로3가,일원,종로3가 > 압구정 > 고속터미널 > 교대 > 양재 > 일원,302,31.818,7.196,889.077,2557.558,2901.941,PASS,NOT_VERIFIABLE_FULL_REFERENCE,compact station reference has no complete line geometry or full station sequence
trip_000492,1,rail,line_9,여의도,노량진,여의도 > 노량진,37,0.570,1.824,309.614,804.578,874.830,PASS,NOT_VERIFIABLE_FULL_REFERENCE,compact station reference has no complete line geometry or full station sequence
trip_000493,1,rail,line_1,서울역,시청,서울역 > 시청,27,9.777,10.203,251.259,652.429,722.919,PASS,NOT_VERIFIABLE_FULL_REFERENCE,compact station reference has no complete line geometry or full station sequence
trip_000494,1,rail,line_4,서울역,사당,서울역 > 사당,187,5.939,8.105,1600.889,3957.089,4243.090,PASS,NOT_VERIFIABLE_FULL_REFERENCE,compact station reference has no complete line geometry or full station sequence
trip_000495,1,rail,line_1,종로3가,청량리,종로3가 > 동대문 > 청량리,117,0.690,13.316,551.939,1523.674,1690.856,PASS,NOT_VERIFIABLE_FULL_REFERENCE,compact station reference has no complete line geometry or full station sequence
trip_000496,1,rail,line_6,이태원,태릉입구,이태원 > 약수 > 태릉입구,269,19.592,8.518,1168.482,4119.498,4501.960,PASS,NOT_VERIFIABLE_FULL_REFERENCE,compact station reference has no complete line geometry or full station sequence
trip_000497,1,rail,line_4,명동,서울역,명동 > 서울역,36,5.302,15.724,280.042,675.468,731.827,PASS,NOT_VERIFIABLE_FULL_REFERENCE,compact station reference has no complete line geometry or full station sequence
trip_000498,1,rail,line_9,여의도,고속터미널,여의도 > 노량진 > 고속터미널,137,18.193,20.093,703.844,2462.977,2790.887,PASS,NOT_VERIFIABLE_FULL_REFERENCE,compact station reference has no complete line geometry or full station sequence
trip_000499,1,rail,line_1,서울역,종각,서울역 > 시청 > 종각,59,12.063,6.390,235.459,649.440,713.515,PASS,NOT_VERIFIABLE_FULL_REFERENCE,compact station reference has no complete line geometry or full station sequence
trip_000500,1,rail,line_7,이수,가산디지털단지,이수 > 가산디지털단지,210,8.070,14.150,1636.850,4072.898,4386.803,PASS,NOT_VERIFIABLE_FULL_REFERENCE,compact station reference has no complete line geometry or full station sequence
trip_000502,3,multimodal,line_6,이태원,태릉입구,이태원 > 약수 > 태릉입구,320,3295.205,22.406,1668.679,4034.265,4509.958,PASS,NOT_VERIFIABLE_FULL_REFERENCE,compact station reference has no complete line geometry or full station sequence
trip_000503,2,multimodal,line_2,홍대입구,을지로입구,홍대입구 > 합정 > 신촌 > 시청 > 을지로입구,236,4509.846,36.262,515.487,1435.298,1552.624,PASS,NOT_VERIFIABLE_FULL_REFERENCE,compact station reference has no complete line geometry or full station sequence
trip_000505,2,multimodal,line_7,고속터미널,이수,고속터미널 > 이수,356,17006.826,26.595,6645.473,10128.662,10559.408,PASS,NOT_VERIFIABLE_FULL_REFERENCE,compact station reference has no complete line geometry or full station sequence
trip_000506,2,multimodal,line_5,여의도,왕십리,여의도 > 왕십리,428,7343.110,5.301,2513.512,5966.022,6414.448,PASS,PASS,selected station order compared with known Line 5 order
trip_000507,2,multimodal,line_5,김포공항,공덕,김포공항 > 마곡나루 > 공덕,691,21894.535,17.739,2969.528,4920.343,5714.064,PASS,PASS,selected station order compared with known Line 5 order
trip_000509,2,multimodal,line_5,여의도,왕십리,여의도 > 왕십리,324,3201.094,8.632,1668.779,3635.056,4038.172,PASS,PASS,selected station order compared with known Line 5 order
trip_000511,3,multimodal,line_9,여의도,고속터미널,여의도 > 노량진 > 고속터미널,156,28.312,24.312,692.200,2551.810,2789.578,PASS,NOT_VERIFIABLE_FULL_REFERENCE,compact station reference has no complete line geometry or full station sequence
trip_000513,3,multimodal,line_9,김포공항,고속터미널,김포공항 > 여의도 > 노량진 > 고속터미널,748,21104.522,25.931,1527.028,5193.060,5838.018,PASS,NOT_VERIFIABLE_FULL_REFERENCE,compact station reference has no complete line geometry or full station sequence
trip_000514,3,multimodal,line_1,종로3가,청량리,종로3가 > 동대문 > 청량리,251,8248.861,15.444,1551.200,7312.137,7679.483,PASS,NOT_VERIFIABLE_FULL_REFERENCE,compact station reference has no complete line geometry or full station sequence
trip_000515,2,multimodal,line_5,공덕,여의도,공덕 > 여의도,211,8438.977,16.345,2712.407,6966.775,7141.192,PASS,FAIL,"compact Line 5 reference has Gongdeok before Yeouido, which reverses the real selected order"
trip_000516,2,multimodal,line_6,이태원,약수,이태원 > 약수,323,13857.381,15.503,2989.705,4678.139,5086.844,PASS,NOT_VERIFIABLE_FULL_REFERENCE,compact station reference has no complete line geometry or full station sequence
trip_000517,2,multimodal,line_9,여의도,노량진,여의도 > 노량진,390,13090.679,22.423,3104.700,5392.413,5729.601,PASS,NOT_VERIFIABLE_FULL_REFERENCE,compact station reference has no complete line geometry or full station sequence
trip_000518,3,multimodal,line_3,교대,양재,교대 > 양재,118,3808.781,7.063,675.907,1541.584,1621.820,PASS,NOT_VERIFIABLE_FULL_REFERENCE,compact station reference has no complete line geometry or full station sequence
trip_000520,3,multimodal,line_6,합정,약수,합정 > 공덕 > 이태원 > 약수,458,9003.893,12.995,1422.852,2845.142,3230.153,PASS,NOT_VERIFIABLE_FULL_REFERENCE,compact station reference has no complete line geometry or full station sequence
trip_000521,3,multimodal,line_5,마곡나루,공덕,마곡나루 > 공덕,613,21585.074,31.316,2544.428,4804.503,5269.956,PASS,PASS,selected station order compared with known Line 5 order
trip_000523,3,multimodal,line_7,건대입구,이수,건대입구 > 고속터미널 > 이수,507,15817.790,3.031,3323.619,14037.201,14669.852,PASS,NOT_VERIFIABLE_FULL_REFERENCE,compact station reference has no complete line geometry or full station sequence
trip_000524,2,multimodal,line_7,건대입구,가산디지털단지,건대입구 > 고속터미널 > 이수 > 가산디지털단지,758,10584.160,19.256,1430.812,3720.561,4391.436,PASS,NOT_VERIFIABLE_FULL_REFERENCE,compact station reference has no complete line geometry or full station sequence
trip_000525,2,multimodal,line_3,압구정,교대,압구정 > 고속터미널 > 교대,230,6469.368,49.852,1507.577,3834.298,4012.458,PASS,NOT_VERIFIABLE_FULL_REFERENCE,compact station reference has no complete line geometry or full station sequence
trip_000526,2,multimodal,line_1,종각,청량리,종각 > 종로3가 > 동대문 > 청량리,131,735.101,3.780,386.381,1484.570,1678.429,PASS,NOT_VERIFIABLE_FULL_REFERENCE,compact station reference has no complete line geometry or full station sequence
trip_000528,2,multimodal,line_7,건대입구,이수,건대입구 > 고속터미널 > 이수,300,1381.672,19.124,996.861,3085.527,3501.831,PASS,NOT_VERIFIABLE_FULL_REFERENCE,compact station reference has no complete line geometry or full station sequence
trip_000533,2,multimodal,line_5,여의도,왕십리,여의도 > 왕십리,443,11690.034,8.659,1702.462,4292.066,4949.047,PASS,PASS,selected station order compared with known Line 5 order
trip_000534,2,multimodal,line_2,합정,시청,합정 > 신촌 > 시청,218,5853.602,7.389,592.907,1415.766,1562.562,PASS,NOT_VERIFIABLE_FULL_REFERENCE,compact station reference has no complete line geometry or full station sequence
trip_000535,3,multimodal,line_5,공덕,왕십리,공덕 > 여의도 > 왕십리,445,6306.819,24.433,2015.110,5724.976,6306.819,PASS,FAIL,"compact Line 5 reference has Gongdeok before Yeouido, which reverses the real selected order"
trip_000536,2,multimodal,line_2,강남,삼성,강남 > 선릉 > 삼성,322,11068.818,6.713,1102.956,4370.364,4731.413,PASS,NOT_VERIFIABLE_FULL_REFERENCE,compact station reference has no complete line geometry or full station sequence
trip_000538,2,multimodal,line_9,고속터미널,신논현,고속터미널 > 신논현,188,6958.178,15.267,2419.197,6204.311,6485.936,PASS,NOT_VERIFIABLE_FULL_REFERENCE,compact station reference has no complete line geometry or full station sequence
trip_000540,3,multimodal,line_5,마곡나루,공덕,마곡나루 > 공덕,541,16190.510,13.365,3321.661,5027.156,5723.517,PASS,PASS,selected station order compared with known Line 5 order
trip_000541,3,multimodal,line_1,동대문,청량리,동대문 > 청량리,156,2505.127,14.760,725.252,1492.111,1678.234,PASS,NOT_VERIFIABLE_FULL_REFERENCE,compact station reference has no complete line geometry or full station sequence
trip_000542,3,multimodal,line_5,여의도,왕십리,여의도 > 왕십리,449,11876.646,7.699,2220.876,3933.399,4422.437,PASS,PASS,selected station order compared with known Line 5 order
trip_000543,2,multimodal,line_3,양재,일원,양재 > 일원,223,7002.529,9.350,2030.256,3776.949,4045.703,PASS,NOT_VERIFIABLE_FULL_REFERENCE,compact station reference has no complete line geometry or full station sequence
trip_000544,3,multimodal,line_7,이수,가산디지털단지,이수 > 가산디지털단지,306,3000.083,8.396,1244.841,3992.064,4390.948,PASS,NOT_VERIFIABLE_FULL_REFERENCE,compact station reference has no complete line geometry or full station sequence
trip_000545,2,multimodal,line_3,압구정,고속터미널,압구정 > 고속터미널,211,6462.717,18.970,1892.030,3842.453,3999.971,PASS,NOT_VERIFIABLE_FULL_REFERENCE,compact station reference has no complete line geometry or full station sequence
trip_000546,3,multimodal,line_1,서울역,청량리,서울역 > 시청 > 종각 > 종로3가 > 동대문 > 청량리,196,1497.305,12.888,555.653,1436.093,1671.833,PASS,NOT_VERIFIABLE_FULL_REFERENCE,compact station reference has no complete line geometry or full station sequence
trip_000547,3,multimodal,line_1,서울역,종로3가,서울역 > 시청 > 종각 > 종로3가,245,7321.287,16.482,550.368,1417.522,1686.439,PASS,NOT_VERIFIABLE_FULL_REFERENCE,compact station reference has no complete line geometry or full station sequence
trip_000548,3,multimodal,line_9,여의도,신논현,여의도 > 노량진 > 고속터미널 > 신논현,313,6966.719,44.063,1699.789,6040.696,6424.944,PASS,NOT_VERIFIABLE_FULL_REFERENCE,compact station reference has no complete line geometry or full station sequence
trip_000549,3,multimodal,line_2,을지로입구,건대입구,을지로입구 > 잠실 > 성수 > 건대입구,390,1550.899,10.933,1053.658,2281.836,2685.971,PASS,NOT_VERIFIABLE_FULL_REFERENCE,compact station reference has no complete line geometry or full station sequence
trip_000551,2,multimodal,line_7,고속터미널,이수,고속터미널 > 이수,183,6386.590,2.302,1797.620,6126.065,6386.590,PASS,NOT_VERIFIABLE_FULL_REFERENCE,compact station reference has no complete line geometry or full station sequence
trip_000552,3,multimodal,line_5,마곡나루,왕십리,마곡나루 > 공덕 > 여의도 > 왕십리,928,20238.452,3.585,2034.099,4620.718,5323.324,PASS,FAIL,"compact Line 5 reference has Gongdeok before Yeouido, which reverses the real selected order"
trip_000554,3,multimodal,line_9,김포공항,여의도,김포공항 > 여의도,607,21120.675,23.063,1835.252,5343.877,5864.851,PASS,NOT_VERIFIABLE_FULL_REFERENCE,compact station reference has no complete line geometry or full station sequence
trip_000555,3,multimodal,line_1,종각,동대문,종각 > 종로3가 > 동대문,208,4883.948,8.665,690.263,2304.938,2338.334,PASS,NOT_VERIFIABLE_FULL_REFERENCE,compact station reference has no complete line geometry or full station sequence
trip_000556,3,multimodal,line_3,불광,압구정,불광 > 종로3가 > 압구정,444,5790.769,30.603,2066.359,5295.528,5790.769,PASS,NOT_VERIFIABLE_FULL_REFERENCE,compact station reference has no complete line geometry or full station sequence
trip_000557,3,multimodal,line_7,건대입구,가산디지털단지,건대입구 > 고속터미널 > 이수 > 가산디지털단지,630,6254.496,1.316,2113.882,5524.409,6254.496,PASS,NOT_VERIFIABLE_FULL_REFERENCE,compact station reference has no complete line geometry or full station sequence
trip_000558,3,multimodal,line_6,이태원,약수,이태원 > 약수,146,3743.771,4.206,1098.238,3067.713,3169.760,PASS,NOT_VERIFIABLE_FULL_REFERENCE,compact station reference has no complete line geometry or full station sequence
trip_000559,3,multimodal,line_4,명동,서울역,명동 > 서울역,166,6947.266,19.131,1446.992,5230.469,5438.379,PASS,NOT_VERIFIABLE_FULL_REFERENCE,compact station reference has no complete line geometry or full station sequence
trip_000560,3,multimodal,line_3,고속터미널,일원,고속터미널 > 교대 > 양재 > 일원,316,7486.329,15.816,1582.769,2638.785,2909.152,PASS,NOT_VERIFIABLE_FULL_REFERENCE,compact station reference has no complete line geometry or full station sequence
trip_000561,3,multimodal,line_5,김포공항,여의도,김포공항 > 마곡나루 > 공덕 > 여의도,884,23870.984,13.170,2153.752,4580.076,5126.669,PASS,FAIL,"compact Line 5 reference has Gongdeok before Yeouido, which reverses the real selected order"
trip_000563,3,multimodal,line_9,김포공항,고속터미널,김포공항 > 여의도 > 노량진 > 고속터미널,562,11725.698,17.148,2099.391,5567.955,5850.963,PASS,NOT_VERIFIABLE_FULL_REFERENCE,compact station reference has no complete line geometry or full station sequence
trip_000564,3,multimodal,line_2,삼성,왕십리,삼성 > 왕십리,430,9316.204,8.766,1526.566,3741.601,3845.139,PASS,NOT_VERIFIABLE_FULL_REFERENCE,compact station reference has no complete line geometry or full station sequence
trip_000565,2,multimodal,line_3,양재,일원,양재 > 일원,303,10736.062,14.587,1776.650,4982.678,5112.094,PASS,NOT_VERIFIABLE_FULL_REFERENCE,compact station reference has no complete line geometry or full station sequence
trip_000566,3,multimodal,line_1,서울역,동대문,서울역 > 시청 > 종각 > 종로3가 > 동대문,341,12876.268,13.120,1668.329,7551.682,7963.937,PASS,NOT_VERIFIABLE_FULL_REFERENCE,compact station reference has no complete line geometry or full station sequence
trip_000567,2,multimodal,line_6,약수,태릉입구,약수 > 태릉입구,291,4415.263,8.182,2211.795,4265.358,4513.187,PASS,NOT_VERIFIABLE_FULL_REFERENCE,compact station reference has no complete line geometry or full station sequence
trip_000568,3,multimodal,line_9,여의도,고속터미널,여의도 > 노량진 > 고속터미널,259,5627.822,11.795,1827.804,4853.329,5200.525,PASS,NOT_VERIFIABLE_FULL_REFERENCE,compact station reference has no complete line geometry or full station sequence
trip_000569,3,multimodal,line_6,약수,태릉입구,약수 > 태릉입구,319,7362.945,17.850,1811.158,4021.914,4510.115,PASS,NOT_VERIFIABLE_FULL_REFERENCE,compact station reference has no complete line geometry or full station sequence
trip_000570,3,multimodal,line_6,이태원,약수,이태원 > 약수,364,17261.081,42.488,1527.021,9418.290,9972.131,PASS,NOT_VERIFIABLE_FULL_REFERENCE,compact station reference has no complete line geometry or full station sequence
trip_000571,3,multimodal,line_7,이수,가산디지털단지,이수 > 가산디지털단지,409,12152.219,20.525,2863.555,4718.211,5035.164,PASS,NOT_VERIFIABLE_FULL_REFERENCE,compact station reference has no complete line geometry or full station sequence
trip_000572,2,multimodal,line_3,고속터미널,양재,고속터미널 > 교대 > 양재,178,3769.627,1.715,866.329,3214.273,3405.937,PASS,NOT_VERIFIABLE_FULL_REFERENCE,compact station reference has no complete line geometry or full station sequence
trip_000573,3,multimodal,line_3,불광,교대,불광 > 종로3가 > 압구정 > 고속터미널 > 교대,455,7420.787,25.077,1652.105,3525.275,3772.057,PASS,NOT_VERIFIABLE_FULL_REFERENCE,compact station reference has no complete line geometry or full station sequence
trip_000574,3,multimodal,line_3,교대,양재,교대 > 양재,188,7849.757,7.137,1278.364,3123.477,3372.641,PASS,NOT_VERIFIABLE_FULL_REFERENCE,compact station reference has no complete line geometry or full station sequence
trip_000575,2,multimodal,line_7,이수,가산디지털단지,이수 > 가산디지털단지,292,6471.000,8.504,2576.967,5791.158,5835.425,PASS,NOT_VERIFIABLE_FULL_REFERENCE,compact station reference has no complete line geometry or full station sequence
trip_000576,3,multimodal,line_2,시청,건대입구,시청 > 을지로입구 > 잠실 > 성수 > 건대입구,403,1353.024,1.906,1001.641,2273.467,2692.241,PASS,NOT_VERIFIABLE_FULL_REFERENCE,compact station reference has no complete line geometry or full station sequence
trip_000582,3,multimodal,line_3,교대,양재,교대 > 양재,253,7547.352,2.464,1341.463,3604.451,3829.956,PASS,NOT_VERIFIABLE_FULL_REFERENCE,compact station reference has no complete line geometry or full station sequence
trip_000584,2,multimodal,line_2,신촌,잠실,신촌 > 시청 > 을지로입구 > 잠실,481,11528.554,18.559,1375.405,2602.693,2898.507,PASS,NOT_VERIFIABLE_FULL_REFERENCE,compact station reference has no complete line geometry or full station sequence
trip_000585,3,multimodal,line_2,신촌,시청,신촌 > 시청,290,10155.521,10.629,1394.073,4211.750,4520.121,PASS,NOT_VERIFIABLE_FULL_REFERENCE,compact station reference has no complete line geometry or full station sequence
trip_000588,3,multimodal,line_1,종로3가,동대문,종로3가 > 동대문,168,7237.661,2.439,2475.148,5640.152,5900.684,PASS,NOT_VERIFIABLE_FULL_REFERENCE,compact station reference has no complete line geometry or full station sequence
trip_000589,3,multimodal,line_6,합정,태릉입구,합정 > 공덕 > 이태원 > 약수 > 태릉입구,673,9327.686,25.259,1673.609,3864.627,4506.050,PASS,NOT_VERIFIABLE_FULL_REFERENCE,compact station reference has no complete line geometry or full station sequence
trip_000590,3,multimodal,line_3,압구정,교대,압구정 > 고속터미널 > 교대,443,18243.892,11.956,4804.424,9689.615,10099.320,PASS,NOT_VERIFIABLE_FULL_REFERENCE,compact station reference has no complete line geometry or full station sequence
trip_000592,2,multimodal,line_6,공덕,태릉입구,공덕 > 이태원 > 약수 > 태릉입구,522,11127.593,1.980,1873.805,7033.405,7794.770,PASS,NOT_VERIFIABLE_FULL_REFERENCE,compact station reference has no complete line geometry or full station sequence
trip_000594,3,multimodal,line_2,신촌,건대입구,신촌 > 시청 > 을지로입구 > 잠실 > 성수 > 건대입구,611,10139.541,19.798,1352.080,4101.086,4506.229,PASS,NOT_VERIFIABLE_FULL_REFERENCE,compact station reference has no complete line geometry or full station sequence
trip_000595,2,multimodal,line_9,고속터미널,신논현,고속터미널 > 신논현,171,7329.738,13.020,683.092,2493.670,2800.437,PASS,NOT_VERIFIABLE_FULL_REFERENCE,compact station reference has no complete line geometry or full station sequence
trip_000596,3,multimodal,line_4,서울역,사당,서울역 > 사당,212,2171.402,5.192,1541.719,3876.325,4254.416,PASS,NOT_VERIFIABLE_FULL_REFERENCE,compact station reference has no complete line geometry or full station sequence
trip_000597,2,multimodal,line_7,고속터미널,가산디지털단지,고속터미널 > 이수 > 가산디지털단지,252,2142.360,31.390,1279.624,3930.833,4383.407,PASS,NOT_VERIFIABLE_FULL_REFERENCE,compact station reference has no complete line geometry or full station sequence
trip_000598,3,multimodal,line_7,고속터미널,가산디지털단지,고속터미널 > 이수 > 가산디지털단지,243,2.519,9.120,1142.907,3975.342,4392.495,PASS,NOT_VERIFIABLE_FULL_REFERENCE,compact station reference has no complete line geometry or full station sequence
trip_000599,3,multimodal,line_7,고속터미널,이수,고속터미널 > 이수,307,8441.051,10.674,3024.089,3914.780,4036.629,PASS,NOT_VERIFIABLE_FULL_REFERENCE,compact station reference has no complete line geometry or full station sequence
trip_000601,2,multimodal,line_4,동대문역사문화공원,명동,동대문역사문화공원 > 명동,142,2756.779,5.374,911.931,2603.587,2756.779,PASS,NOT_VERIFIABLE_FULL_REFERENCE,compact station reference has no complete line geometry or full station sequence
trip_000603,3,multimodal,line_9,여의도,노량진,여의도 > 노량진,252,9211.493,12.106,2302.072,3144.249,3312.049,PASS,NOT_VERIFIABLE_FULL_REFERENCE,compact station reference has no complete line geometry or full station sequence
trip_000604,3,multimodal,line_4,명동,사당,명동 > 서울역 > 사당,209,930.040,23.826,935.728,3850.682,4224.388,PASS,NOT_VERIFIABLE_FULL_REFERENCE,compact station reference has no complete line geometry or full station sequence
trip_000606,3,multimodal,line_1,종각,동대문,종각 > 종로3가 > 동대문,128,2511.072,5.242,345.070,777.539,851.567,PASS,NOT_VERIFIABLE_FULL_REFERENCE,compact station reference has no complete line geometry or full station sequence
trip_000608,3,multimodal,line_7,고속터미널,가산디지털단지,고속터미널 > 이수 > 가산디지털단지,259,2074.362,6.884,1245.437,3922.758,4393.290,PASS,NOT_VERIFIABLE_FULL_REFERENCE,compact station reference has no complete line geometry or full station sequence
trip_000609,3,multimodal,line_4,창동,서울역,창동 > 동대문역사문화공원 > 명동 > 서울역,434,8055.600,14.523,2605.949,5112.597,5484.869,PASS,NOT_VERIFIABLE_FULL_REFERENCE,compact station reference has no complete line geometry or full station sequence
trip_000611,2,multimodal,line_6,공덕,이태원,공덕 > 이태원,263,8462.572,17.580,1651.888,4665.687,5007.869,PASS,NOT_VERIFIABLE_FULL_REFERENCE,compact station reference has no complete line geometry or full station sequence
trip_000613,3,multimodal,line_3,불광,압구정,불광 > 종로3가 > 압구정,568,15243.498,25.737,1904.807,3336.705,3710.409,PASS,NOT_VERIFIABLE_FULL_REFERENCE,compact station reference has no complete line geometry or full station sequence
trip_000614,2,multimodal,line_4,동대문역사문화공원,서울역,동대문역사문화공원 > 명동 > 서울역,241,8480.159,7.591,756.216,4824.592,5176.018,PASS,NOT_VERIFIABLE_FULL_REFERENCE,compact station reference has no complete line geometry or full station sequence
trip_000615,3,multimodal,line_3,연신내,교대,연신내 > 불광 > 종로3가 > 압구정 > 고속터미널 > 교대,742,16362.206,12.907,1402.649,3314.898,3724.089,PASS,NOT_VERIFIABLE_FULL_REFERENCE,compact station reference has no complete line geometry or full station sequence
trip_000617,2,multimodal,line_2,건대입구,선릉,건대입구 > 강남 > 선릉,171,10.499,1.558,713.856,1839.801,2030.901,PASS,NOT_VERIFIABLE_FULL_REFERENCE,compact station reference has no complete line geometry or full station sequence
trip_000619,3,multimodal,line_5,여의도,왕십리,여의도 > 왕십리,369,7227.465,3.446,2501.944,5797.894,6278.867,PASS,PASS,selected station order compared with known Line 5 order
trip_000620,2,multimodal,line_3,연신내,양재,연신내 > 불광 > 종로3가 > 압구정 > 고속터미널 > 교대 > 양재,653,12301.312,5.334,1821.489,11389.601,12301.312,PASS,NOT_VERIFIABLE_FULL_REFERENCE,compact station reference has no complete line geometry or full station sequence
trip_000621,2,multimodal,line_3,종로3가,교대,종로3가 > 압구정 > 고속터미널 > 교대,396,8078.709,42.398,1661.932,7095.330,7351.598,PASS,NOT_VERIFIABLE_FULL_REFERENCE,compact station reference has no complete line geometry or full station sequence
trip_000622,3,multimodal,line_3,불광,압구정,불광 > 종로3가 > 압구정,423,7462.158,0.214,1654.215,3413.663,3588.736,PASS,NOT_VERIFIABLE_FULL_REFERENCE,compact station reference has no complete line geometry or full station sequence
trip_000626,3,multimodal,line_2,선릉,왕십리,선릉 > 삼성 > 왕십리,293,3940.595,4.199,952.850,1992.013,2232.238,PASS,NOT_VERIFIABLE_FULL_REFERENCE,compact station reference has no complete line geometry or full station sequence
trip_000630,3,multimodal,line_9,김포공항,노량진,김포공항 > 여의도 > 노량진,947,21146.170,10.586,1558.346,5298.757,5848.493,PASS,NOT_VERIFIABLE_FULL_REFERENCE,compact station reference has no complete line geometry or full station sequence
trip_000631,3,multimodal,line_1,시청,종로3가,시청 > 종각 > 종로3가,208,8700.144,15.054,3160.414,7434.831,7757.529,PASS,NOT_VERIFIABLE_FULL_REFERENCE,compact station reference has no complete line geometry or full station sequence
trip_000633,3,multimodal,line_1,동대문,청량리,동대문 > 청량리,161,2484.163,12.021,724.713,1505.187,1683.775,PASS,NOT_VERIFIABLE_FULL_REFERENCE,compact station reference has no complete line geometry or full station sequence
trip_000634,3,multimodal,line_3,양재,일원,양재 > 일원,291,10904.418,20.795,1718.036,4875.726,5018.733,PASS,NOT_VERIFIABLE_FULL_REFERENCE,compact station reference has no complete line geometry or full station sequence
trip_000635,3,multimodal,line_1,종로3가,동대문,종로3가 > 동대문,124,2473.782,5.697,507.847,809.723,847.500,PASS,NOT_VERIFIABLE_FULL_REFERENCE,compact station reference has no complete line geometry or full station sequence
trip_000636,2,multimodal,line_4,창동,명동,창동 > 동대문역사문화공원 > 명동,603,16494.159,3.632,3537.894,5113.273,5681.023,PASS,NOT_VERIFIABLE_FULL_REFERENCE,compact station reference has no complete line geometry or full station sequence
trip_000637,3,multimodal,line_9,노량진,신논현,노량진 > 고속터미널 > 신논현,282,8817.247,32.922,2212.127,7101.645,7426.836,PASS,NOT_VERIFIABLE_FULL_REFERENCE,compact station reference has no complete line geometry or full station sequence
trip_000638,3,multimodal,line_4,서울역,사당,서울역 > 사당,306,4053.226,1.935,2065.402,3962.686,4245.826,PASS,NOT_VERIFIABLE_FULL_REFERENCE,compact station reference has no complete line geometry or full station sequence
trip_000640,2,multimodal,line_2,합정,신촌,합정 > 신촌,122,3208.082,5.827,710.167,3011.639,3208.082,PASS,NOT_VERIFIABLE_FULL_REFERENCE,compact station reference has no complete line geometry or full station sequence
trip_000641,2,multimodal,line_1,종각,청량리,종각 > 종로3가 > 동대문 > 청량리,372,7489.135,23.158,1086.776,5095.305,5493.438,PASS,NOT_VERIFIABLE_FULL_REFERENCE,compact station reference has no complete line geometry or full station sequence
trip_000642,3,multimodal,line_2,강남,왕십리,강남 > 선릉 > 삼성 > 왕십리,339,8706.399,1.411,1036.644,3730.921,4264.875,PASS,NOT_VERIFIABLE_FULL_REFERENCE,compact station reference has no complete line geometry or full station sequence
trip_000643,3,multimodal,line_6,이태원,태릉입구,이태원 > 약수 > 태릉입구,317,3736.465,20.460,1747.817,4035.089,4505.625,PASS,NOT_VERIFIABLE_FULL_REFERENCE,compact station reference has no complete line geometry or full station sequence
trip_000644,3,multimodal,line_1,동대문,청량리,동대문 > 청량리,228,8346.542,11.719,2784.903,7469.633,7777.402,PASS,NOT_VERIFIABLE_FULL_REFERENCE,compact station reference has no complete line geometry or full station sequence
trip_000645,2,multimodal,line_9,노량진,신논현,노량진 > 고속터미널 > 신논현,405,13477.269,25.790,1493.844,5228.918,5846.228,PASS,NOT_VERIFIABLE_FULL_REFERENCE,compact station reference has no complete line geometry or full station sequence
trip_000646,3,multimodal,line_2,신촌,선릉,신촌 > 시청 > 을지로입구 > 잠실 > 성수 > 건대입구 > 강남 > 선릉,909,10133.774,8.600,1242.058,4040.764,4540.694,PASS,NOT_VERIFIABLE_FULL_REFERENCE,compact station reference has no complete line geometry or full station sequence
trip_000647,3,multimodal,line_3,양재,일원,양재 > 일원,279,9852.483,21.085,1462.236,4703.087,4759.111,PASS,NOT_VERIFIABLE_FULL_REFERENCE,compact station reference has no complete line geometry or full station sequence
trip_000648,2,multimodal,line_4,서울역,사당,서울역 > 사당,284,4026.536,8.078,2092.303,3950.446,4237.331,PASS,NOT_VERIFIABLE_FULL_REFERENCE,compact station reference has no complete line geometry or full station sequence
trip_000650,3,multimodal,line_1,종각,종로3가,종각 > 종로3가,228,10363.098,21.380,3259.007,8084.838,8475.027,PASS,NOT_VERIFIABLE_FULL_REFERENCE,compact station reference has no complete line geometry or full station sequence
trip_000651,3,multimodal,line_3,압구정,양재,압구정 > 고속터미널 > 교대 > 양재,191,3124.437,32.033,611.642,1532.619,1568.368,PASS,NOT_VERIFIABLE_FULL_REFERENCE,compact station reference has no complete line geometry or full station sequence
trip_000655,2,multimodal,line_2,강남,왕십리,강남 > 선릉 > 삼성 > 왕십리,561,19139.829,14.016,1888.596,6943.541,7755.841,PASS,NOT_VERIFIABLE_FULL_REFERENCE,compact station reference has no complete line geometry or full station sequence
trip_000658,3,multimodal,line_3,고속터미널,양재,고속터미널 > 교대 > 양재,195,6027.310,25.184,1279.253,3650.728,3858.080,PASS,NOT_VERIFIABLE_FULL_REFERENCE,compact station reference has no complete line geometry or full station sequence
trip_000659,2,multimodal,line_9,고속터미널,신논현,고속터미널 > 신논현,159,6398.529,3.524,2337.727,3281.922,3354.009,PASS,NOT_VERIFIABLE_FULL_REFERENCE,compact station reference has no complete line geometry or full station sequence
trip_000660,3,multimodal,line_7,이수,가산디지털단지,이수 > 가산디지털단지,287,4214.838,6.501,1555.157,3918.108,4372.291,PASS,NOT_VERIFIABLE_FULL_REFERENCE,compact station reference has no complete line geometry or full station sequence
trip_000663,3,multimodal,line_4,창동,명동,창동 > 동대문역사문화공원 > 명동,559,17313.719,0.445,3039.953,5496.795,5916.106,PASS,NOT_VERIFIABLE_FULL_REFERENCE,compact station reference has no complete line geometry or full station sequence
trip_000666,2,multimodal,line_5,공덕,여의도,공덕 > 여의도,278,8443.463,14.575,2968.798,6990.042,7108.275,PASS,FAIL,"compact Line 5 reference has Gongdeok before Yeouido, which reverses the real selected order"
trip_000667,2,multimodal,line_7,건대입구,이수,건대입구 > 고속터미널 > 이수,523,12589.070,31.655,2837.889,11917.707,12589.070,PASS,NOT_VERIFIABLE_FULL_REFERENCE,compact station reference has no complete line geometry or full station sequence
trip_000668,3,multimodal,line_1,서울역,청량리,서울역 > 시청 > 종각 > 종로3가 > 동대문 > 청량리,265,5207.712,3.190,983.939,4833.162,5207.712,PASS,NOT_VERIFIABLE_FULL_REFERENCE,compact station reference has no complete line geometry or full station sequence
trip_000669,3,multimodal,line_7,고속터미널,가산디지털단지,고속터미널 > 이수 > 가산디지털단지,334,6405.567,2.394,2287.620,5876.734,6405.567,PASS,NOT_VERIFIABLE_FULL_REFERENCE,compact station reference has no complete line geometry or full station sequence
trip_000673,3,multimodal,line_3,교대,양재,교대 > 양재,188,8580.514,3.948,1463.499,3339.438,3596.139,PASS,NOT_VERIFIABLE_FULL_REFERENCE,compact station reference has no complete line geometry or full station sequence
trip_000674,3,multimodal,line_7,이수,가산디지털단지,이수 > 가산디지털단지,536,10861.602,5.039,2953.894,4152.321,4387.905,PASS,NOT_VERIFIABLE_FULL_REFERENCE,compact station reference has no complete line geometry or full station sequence
trip_000675,2,multimodal,line_3,양재,일원,양재 > 일원,216,3459.143,5.181,625.128,1971.070,2209.696,PASS,NOT_VERIFIABLE_FULL_REFERENCE,compact station reference has no complete line geometry or full station sequence
trip_000676,3,multimodal,line_6,공덕,이태원,공덕 > 이태원,219,7091.851,13.815,1132.532,2799.713,3119.739,PASS,NOT_VERIFIABLE_FULL_REFERENCE,compact station reference has no complete line geometry or full station sequence
trip_000677,2,multimodal,line_2,삼성,왕십리,삼성 > 왕십리,243,3285.485,0.773,911.065,1708.876,2042.273,PASS,NOT_VERIFIABLE_FULL_REFERENCE,compact station reference has no complete line geometry or full station sequence
trip_000678,3,multimodal,line_5,김포공항,여의도,김포공항 > 마곡나루 > 공덕 > 여의도,635,15489.844,18.543,2470.979,5099.552,5593.707,PASS,FAIL,"compact Line 5 reference has Gongdeok before Yeouido, which reverses the real selected order"
trip_000679,2,multimodal,line_9,노량진,신논현,노량진 > 고속터미널 > 신논현,472,13455.476,30.614,1492.456,5248.290,5848.327,PASS,NOT_VERIFIABLE_FULL_REFERENCE,compact station reference has no complete line geometry or full station sequence
trip_000681,2,multimodal,line_7,고속터미널,가산디지털단지,고속터미널 > 이수 > 가산디지털단지,392,7334.335,3.262,2440.327,5851.264,6027.118,PASS,NOT_VERIFIABLE_FULL_REFERENCE,compact station reference has no complete line geometry or full station sequence
trip_000682,2,multimodal,line_4,동대문역사문화공원,서울역,동대문역사문화공원 > 명동 > 서울역,121,2720.186,1.388,592.453,902.357,997.915,PASS,NOT_VERIFIABLE_FULL_REFERENCE,compact station reference has no complete line geometry or full station sequence
trip_000683,3,multimodal,line_4,창동,서울역,창동 > 동대문역사문화공원 > 명동 > 서울역,504,11496.525,2.372,2022.516,4908.301,5261.109,PASS,NOT_VERIFIABLE_FULL_REFERENCE,compact station reference has no complete line geometry or full station sequence
trip_000684,3,multimodal,line_7,이수,가산디지털단지,이수 > 가산디지털단지,435,8902.632,16.476,2768.983,6647.146,7152.045,PASS,NOT_VERIFIABLE_FULL_REFERENCE,compact station reference has no complete line geometry or full station sequence
trip_000685,2,multimodal,line_5,공덕,여의도,공덕 > 여의도,296,9256.735,19.477,1897.790,3726.549,4128.875,PASS,FAIL,"compact Line 5 reference has Gongdeok before Yeouido, which reverses the real selected order"
trip_000686,2,multimodal,line_2,시청,강남,시청 > 을지로입구 > 잠실 > 성수 > 건대입구 > 강남,642,7339.950,17.499,1230.268,2283.718,2678.711,PASS,NOT_VERIFIABLE_FULL_REFERENCE,compact station reference has no complete line geometry or full station sequence
trip_000687,2,multimodal,line_5,공덕,여의도,공덕 > 여의도,240,8766.657,2.460,2673.805,8418.506,8766.657,PASS,FAIL,"compact Line 5 reference has Gongdeok before Yeouido, which reverses the real selected order"
trip_000688,2,multimodal,line_5,공덕,여의도,공덕 > 여의도,239,8433.018,16.301,2798.670,6958.814,7116.563,PASS,FAIL,"compact Line 5 reference has Gongdeok before Yeouido, which reverses the real selected order"
trip_000689,3,multimodal,line_7,고속터미널,가산디지털단지,고속터미널 > 이수 > 가산디지털단지,390,7150.803,15.902,2423.095,6624.610,7150.803,PASS,NOT_VERIFIABLE_FULL_REFERENCE,compact station reference has no complete line geometry or full station sequence
trip_000690,2,multimodal,line_9,고속터미널,신논현,고속터미널 > 신논현,160,6377.697,22.139,2199.318,3277.353,3344.214,PASS,NOT_VERIFIABLE_FULL_REFERENCE,compact station reference has no complete line geometry or full station sequence
trip_000691,2,multimodal,line_2,강남,왕십리,강남 > 선릉 > 삼성 > 왕십리,244,32.355,15.657,652.216,1698.997,2046.815,PASS,NOT_VERIFIABLE_FULL_REFERENCE,compact station reference has no complete line geometry or full station sequence
trip_000696,3,multimodal,line_5,여의도,왕십리,여의도 > 왕십리,419,9434.130,14.829,2812.889,7106.622,7192.449,PASS,PASS,selected station order compared with known Line 5 order
trip_000698,2,multimodal,line_7,이수,가산디지털단지,이수 > 가산디지털단지,371,6080.538,9.933,1471.938,3917.709,4368.821,PASS,NOT_VERIFIABLE_FULL_REFERENCE,compact station reference has no complete line geometry or full station sequence
trip_000700,2,multimodal,line_7,건대입구,고속터미널,건대입구 > 고속터미널,355,12781.637,10.772,3362.975,8476.909,8970.459,PASS,NOT_VERIFIABLE_FULL_REFERENCE,compact station reference has no complete line geometry or full station sequence
