route_uid,route_id,official_stop_count,routable_stop_count,failed_stop_count,route_coverage,geometry_coverage,failure_reason,recoverable,final_status
100000020,청와대A01,6,5,0,1.0,PASS,,YES,PASS
100000024,새벽A160,87,86,0,1.0,PASS,,YES,PASS
100000025,동대문A01,23,22,0,1.0,PASS,,YES,PASS
100000026,청계A01,12,11,0,1.0,PASS,,YES,PASS
100000027,서대문A01,14,13,0,1.0,PASS,,YES,PASS
100000028,새벽A741,34,33,0,1.0,PASS,,YES,PASS
100100001,01A,25,23,1,0.958333,FAIL,no connected car route from the candidate graph nodes,NO,FAIL
100100006,101,81,80,0,1.0,PASS,,YES,PASS
100100007,102,67,66,0,1.0,PASS,,YES,PASS
100100008,103,70,69,0,1.0,PASS,,YES,PASS
100100009,104,65,64,0,1.0,PASS,,YES,PASS
100100010,105,86,85,0,1.0,PASS,,YES,PASS
100100012,107,120,119,0,1.0,PASS,,YES,PASS
100100014,109,64,63,0,1.0,PASS,,YES,PASS
100100015,110B국민대,91,90,0,1.0,PASS,,YES,PASS
100100016,110A고려대,88,87,0,1.0,PASS,,YES,PASS
100100017,120,90,89,0,1.0,PASS,,YES,PASS
100100018,130,87,86,0,1.0,PASS,,YES,PASS
100100019,140,87,86,0,1.0,PASS,,YES,PASS
100100020,141,105,104,0,1.0,PASS,,YES,PASS
100100021,142,106,105,0,1.0,PASS,,YES,PASS
100100022,143,113,112,0,1.0,PASS,,YES,PASS
100100023,144,99,98,0,1.0,PASS,,YES,PASS
100100024,145,103,102,0,1.0,PASS,,YES,PASS
100100025,146,135,134,0,1.0,PASS,,YES,PASS
100100026,147,115,114,0,1.0,PASS,,YES,PASS
100100027,148,84,83,0,1.0,PASS,,YES,PASS
100100029,150,123,122,0,1.0,PASS,,YES,PASS
100100030,151,95,94,0,1.0,PASS,,YES,PASS
100100031,152,131,130,0,1.0,PASS,,YES,PASS
100100032,163,112,111,0,1.0,PASS,,YES,PASS
100100033,160,120,119,0,1.0,PASS,,YES,PASS
100100034,162,77,76,0,1.0,PASS,,YES,PASS
100100036,171,84,83,0,1.0,PASS,,YES,PASS
100100037,172,108,107,0,1.0,PASS,,YES,PASS
100100038,201,116,115,0,1.0,PASS,,YES,PASS
100100039,202,131,130,0,1.0,PASS,,YES,PASS
100100042,260,97,96,0,1.0,PASS,,YES,PASS
100100043,261,120,119,0,1.0,PASS,,YES,PASS
100100044,262,136,135,0,1.0,PASS,,YES,PASS
100100046,270,98,97,0,1.0,PASS,,YES,PASS
100100047,271,123,122,0,1.0,PASS,,YES,PASS
100100048,272,94,93,0,1.0,PASS,,YES,PASS
100100049,273,112,111,0,1.0,PASS,,YES,PASS
100100051,301,100,99,0,1.0,PASS,,YES,PASS
100100052,302,126,125,0,1.0,PASS,,YES,PASS
100100053,303,106,105,0,1.0,PASS,,YES,PASS
100100055,340,106,105,0,1.0,PASS,,YES,PASS
100100056,341,93,92,0,1.0,PASS,,YES,PASS
100100057,360,91,90,0,1.0,PASS,,YES,PASS
100100061,370,94,93,0,1.0,PASS,,YES,PASS
100100062,401,99,98,0,1.0,PASS,,YES,PASS
100100063,402,110,109,0,1.0,PASS,,YES,PASS
100100064,406,68,67,0,1.0,PASS,,YES,PASS
100100068,420,88,87,0,1.0,PASS,,YES,PASS
100100070,441,127,126,0,1.0,PASS,,YES,PASS
100100071,461,139,138,0,1.0,PASS,,YES,PASS
100100073,470,85,84,0,1.0,PASS,,YES,PASS
100100075,472,75,74,0,1.0,PASS,,YES,PASS
100100076,500,84,83,0,1.0,PASS,,YES,PASS
100100077,501,56,55,0,1.0,PASS,,YES,PASS
100100078,503,89,88,0,1.0,PASS,,YES,PASS
100100079,504,97,96,0,1.0,PASS,,YES,PASS
100100080,505,97,96,0,1.0,PASS,,YES,PASS
100100081,506,100,99,0,1.0,PASS,,YES,PASS
100100082,507,105,104,0,1.0,PASS,,YES,PASS
100100083,540,94,93,0,1.0,PASS,,YES,PASS
100100084,571,121,120,0,1.0,PASS,,YES,PASS
100100085,600,71,70,0,1.0,PASS,,YES,PASS
100100086,601,77,76,0,1.0,PASS,,YES,PASS
100100087,602,87,86,0,1.0,PASS,,YES,PASS
100100088,603,82,81,0,1.0,PASS,,YES,PASS
100100089,604,89,88,0,1.0,PASS,,YES,PASS
100100090,605,105,104,0,1.0,PASS,,YES,PASS
100100091,606,125,124,0,1.0,PASS,,YES,PASS
100100093,640,79,78,0,1.0,PASS,,YES,PASS
100100094,641,98,97,0,1.0,PASS,,YES,PASS
100100096,643,86,85,0,1.0,PASS,,YES,PASS
100100097,650,97,96,0,1.0,PASS,,YES,PASS
100100098,651,99,98,0,1.0,PASS,,YES,PASS
100100099,652,117,116,0,1.0,PASS,,YES,PASS
100100102,661,126,125,0,1.0,PASS,,YES,PASS
100100103,701,73,72,0,1.0,PASS,,YES,PASS
100100104,702A,79,78,0,1.0,PASS,,YES,PASS
100100105,702B,80,79,0,1.0,PASS,,YES,PASS
100100107,704,77,76,0,1.0,PASS,,YES,PASS
100100110,710,75,74,0,1.0,PASS,,YES,PASS
100100111,720,111,110,0,1.0,PASS,,YES,PASS
100100112,721,90,89,0,1.0,PASS,,YES,PASS
100100114,750A,83,82,0,1.0,PASS,,YES,PASS
100100116,742,132,131,0,1.0,PASS,,YES,PASS
100100117,752,103,102,0,1.0,PASS,,YES,PASS
100100118,753,104,103,0,1.0,PASS,,YES,PASS
100100124,0017,40,39,0,1.0,PASS,,YES,PASS
100100129,1014,37,36,0,1.0,PASS,,YES,PASS
100100130,1017,70,69,0,1.0,PASS,,YES,PASS
100100131,1020,54,53,0,1.0,PASS,,YES,PASS
100100132,1111,77,76,0,1.0,PASS,,YES,PASS
100100133,1113,34,33,0,1.0,PASS,,YES,PASS
100100134,1114,25,24,0,1.0,PASS,,YES,PASS
100100137,1119,65,64,0,1.0,PASS,,YES,PASS
100100138,1120,85,84,0,1.0,PASS,,YES,PASS
100100139,1124,37,36,0,1.0,PASS,,YES,PASS
100100142,1126,66,65,0,1.0,PASS,,YES,PASS
100100143,1127,60,59,0,1.0,PASS,,YES,PASS
100100144,1128,81,80,0,1.0,PASS,,YES,PASS
100100145,1129,22,21,0,1.0,PASS,,YES,PASS
100100146,1130,27,26,0,1.0,PASS,,YES,PASS
100100147,1131,57,56,0,1.0,PASS,,YES,PASS
100100148,1132,65,64,0,1.0,PASS,,YES,PASS
100100149,1133,48,47,0,1.0,PASS,,YES,PASS
100100150,1135,59,58,0,1.0,PASS,,YES,PASS
100100151,1136,39,38,0,1.0,PASS,,YES,PASS
100100152,1137,78,77,0,1.0,PASS,,YES,PASS
100100153,1138,52,51,0,1.0,PASS,,YES,PASS
100100154,1139,72,71,0,1.0,PASS,,YES,PASS
100100155,1140,49,48,0,1.0,PASS,,YES,PASS
100100156,1141,54,53,0,1.0,PASS,,YES,PASS
100100157,1142,30,29,0,1.0,PASS,,YES,PASS
100100158,1143,70,69,0,1.0,PASS,,YES,PASS
100100159,1144,61,60,0,1.0,PASS,,YES,PASS
100100164,1154,57,56,0,1.0,PASS,,YES,PASS
100100166,2212,88,87,0,1.0,PASS,,YES,PASS
100100170,1162,38,37,0,1.0,PASS,,YES,PASS
100100171,1164,29,28,0,1.0,PASS,,YES,PASS
100100172,1165,66,65,0,1.0,PASS,,YES,PASS
100100175,1213,68,67,0,1.0,PASS,,YES,PASS
100100177,1218,85,84,0,1.0,PASS,,YES,PASS
100100178,1221,45,44,0,1.0,PASS,,YES,PASS
100100179,1222,57,56,0,1.0,PASS,,YES,PASS
100100181,1224,88,87,0,1.0,PASS,,YES,PASS
100100183,1226,23,22,0,1.0,PASS,,YES,PASS
100100184,1227,67,66,0,1.0,PASS,,YES,PASS
100100185,1711,64,63,0,1.0,PASS,,YES,PASS
100100186,2012,113,112,0,1.0,PASS,,YES,PASS
100100188,2013,62,61,0,1.0,PASS,,YES,PASS
100100189,2014,67,66,0,1.0,PASS,,YES,PASS
100100190,2015,83,82,0,1.0,PASS,,YES,PASS
100100191,2112,112,111,0,1.0,PASS,,YES,PASS
100100192,2113,68,67,0,1.0,PASS,,YES,PASS
100100193,2114,79,78,0,1.0,PASS,,YES,PASS
100100194,2211,51,50,0,1.0,PASS,,YES,PASS
100100198,2221,61,60,0,1.0,PASS,,YES,PASS
100100199,2222,62,61,0,1.0,PASS,,YES,PASS
100100201,2224,55,54,0,1.0,PASS,,YES,PASS
100100202,2227,108,107,0,1.0,PASS,,YES,PASS
100100203,2230,92,91,0,1.0,PASS,,YES,PASS
100100204,2233,120,119,0,1.0,PASS,,YES,PASS
100100209,2412,76,75,0,1.0,PASS,,YES,PASS
100100210,2413,69,68,0,1.0,PASS,,YES,PASS
100100211,2415,52,51,0,1.0,PASS,,YES,PASS
100100212,3212,67,66,0,1.0,PASS,,YES,PASS
100100213,3214,57,56,0,1.0,PASS,,YES,PASS
100100215,3216,91,90,0,1.0,PASS,,YES,PASS
100100216,3217,83,82,0,1.0,PASS,,YES,PASS
100100218,3220,91,90,0,1.0,PASS,,YES,PASS
100100219,3313,42,41,0,1.0,PASS,,YES,PASS
100100220,3314,69,68,0,1.0,PASS,,YES,PASS
100100221,3315,75,74,0,1.0,PASS,,YES,PASS
100100222,3316,42,41,0,1.0,PASS,,YES,PASS
100100223,3411,90,89,0,1.0,PASS,,YES,PASS
100100224,3412,117,116,0,1.0,PASS,,YES,PASS
100100225,3413,101,100,0,1.0,PASS,,YES,PASS
100100226,3414,89,88,0,1.0,PASS,,YES,PASS
100100228,3416,65,64,0,1.0,PASS,,YES,PASS
100100229,3417,60,59,0,1.0,PASS,,YES,PASS
100100232,3422,92,91,0,1.0,PASS,,YES,PASS
100100234,4212,72,71,0,1.0,PASS,,YES,PASS
100100237,4318,108,107,0,1.0,PASS,,YES,PASS
100100246,4432,58,57,0,1.0,PASS,,YES,PASS
100100247,4433,34,33,0,1.0,PASS,,YES,PASS
100100248,5012,103,102,0,1.0,PASS,,YES,PASS
100100249,5413,86,85,0,1.0,PASS,,YES,PASS
100100250,5511,73,72,0,1.0,PASS,,YES,PASS
100100251,5513,44,43,0,1.0,PASS,,YES,PASS
100100252,5515,32,31,0,1.0,PASS,,YES,PASS
100100253,5516,71,70,0,1.0,PASS,,YES,PASS
100100254,5517,90,89,0,1.0,PASS,,YES,PASS
100100255,5519,30,29,0,1.0,PASS,,YES,PASS
100100257,5522A난곡,59,58,0,1.0,PASS,,YES,PASS
100100258,5522B호암,54,53,0,1.0,PASS,,YES,PASS
100100259,5523,36,35,0,1.0,PASS,,YES,PASS
100100260,5524,94,93,0,1.0,PASS,,YES,PASS
100100261,5525,44,43,0,1.0,PASS,,YES,PASS
100100263,5528,82,81,0,1.0,PASS,,YES,PASS
100100264,5530,115,114,0,1.0,PASS,,YES,PASS
100100265,5531,110,109,0,1.0,PASS,,YES,PASS
100100266,5634,56,55,0,1.0,PASS,,YES,PASS
100100267,5535,82,81,0,1.0,PASS,,YES,PASS
100100268,5536,65,64,0,1.0,PASS,,YES,PASS
100100269,5537,28,27,0,1.0,PASS,,YES,PASS
100100272,5615,64,63,0,1.0,PASS,,YES,PASS
100100273,5616,116,115,0,1.0,PASS,,YES,PASS
100100274,5617,18,17,0,1.0,PASS,,YES,PASS
100100275,5618,68,67,0,1.0,PASS,,YES,PASS
100100276,5619,54,53,0,1.0,PASS,,YES,PASS
100100277,5620,68,67,0,1.0,PASS,,YES,PASS
100100278,5621,18,17,0,1.0,PASS,,YES,PASS
100100279,5623,120,119,0,1.0,PASS,,YES,PASS
100100281,5625,78,77,0,1.0,PASS,,YES,PASS
100100282,5626,106,105,0,1.0,PASS,,YES,PASS
100100283,5627,67,66,0,1.0,PASS,,YES,PASS
100100284,5630,71,70,0,1.0,PASS,,YES,PASS
100100285,5633,112,111,0,1.0,PASS,,YES,PASS
100100286,5712,92,91,0,1.0,PASS,,YES,PASS
100100287,5713,92,91,0,1.0,PASS,,YES,PASS
100100288,5714,95,94,0,1.0,PASS,,YES,PASS
100100289,6211,110,109,0,1.0,PASS,,YES,PASS
100100290,6411,117,116,0,1.0,PASS,,YES,PASS
100100291,6511,89,88,0,1.0,PASS,,YES,PASS
100100292,6512,81,80,0,1.0,PASS,,YES,PASS
100100293,6713,73,72,0,1.0,PASS,,YES,PASS
100100294,6514,107,106,0,1.0,PASS,,YES,PASS
100100295,5611,38,37,0,1.0,PASS,,YES,PASS
100100297,6614,91,90,0,1.0,PASS,,YES,PASS
100100298,6616,80,79,0,1.0,PASS,,YES,PASS
100100299,6617,56,55,0,1.0,PASS,,YES,PASS
100100300,6620,61,60,0,1.0,PASS,,YES,PASS
100100301,6623,69,68,0,1.0,PASS,,YES,PASS
100100302,6624,70,69,0,1.0,PASS,,YES,PASS
100100303,6625,74,73,0,1.0,PASS,,YES,PASS
100100304,6627,71,70,0,1.0,PASS,,YES,PASS
100100305,6628,59,58,0,1.0,PASS,,YES,PASS
100100306,6629,95,94,0,1.0,PASS,,YES,PASS
100100307,6630,97,96,0,1.0,PASS,,YES,PASS
100100308,6631,92,91,0,1.0,PASS,,YES,PASS
100100309,6632,66,65,0,1.0,PASS,,YES,PASS
100100312,6637,79,78,0,1.0,PASS,,YES,PASS
100100313,6638,69,68,0,1.0,PASS,,YES,PASS
100100316,6642,74,73,0,1.0,PASS,,YES,PASS
100100318,6645,68,67,0,1.0,PASS,,YES,PASS
100100320,6647,54,53,0,1.0,PASS,,YES,PASS
100100329,6657,51,50,0,1.0,PASS,,YES,PASS
100100330,6712,86,85,0,1.0,PASS,,YES,PASS
100100331,6714,68,67,0,1.0,PASS,,YES,PASS
100100332,6715,61,60,0,1.0,PASS,,YES,PASS
100100337,7017,91,90,0,1.0,PASS,,YES,PASS
100100338,7018,56,55,0,1.0,PASS,,YES,PASS
100100339,7019,89,88,0,1.0,PASS,,YES,PASS
100100340,7021,75,74,0,1.0,PASS,,YES,PASS
100100341,7022,72,71,0,1.0,PASS,,YES,PASS
100100342,7024,31,30,0,1.0,PASS,,YES,PASS
100100344,7211,109,108,0,1.0,PASS,,YES,PASS
100100345,7611,80,79,0,1.0,PASS,,YES,PASS
100100346,7612,47,46,0,1.0,PASS,,YES,PASS
100100347,7613,88,87,0,1.0,PASS,,YES,PASS
100100348,7711,41,40,0,1.0,PASS,,YES,PASS
100100349,7713,68,67,0,1.0,PASS,,YES,PASS
100100352,7720,76,75,0,1.0,PASS,,YES,PASS
100100353,7722,49,48,0,1.0,PASS,,YES,PASS
100100354,7723,40,39,0,1.0,PASS,,YES,PASS
100100357,7726,66,65,0,1.0,PASS,,YES,PASS
100100358,7727,104,103,0,1.0,PASS,,YES,PASS
100100359,7728,108,107,0,1.0,PASS,,YES,PASS
100100360,7730,74,73,0,1.0,PASS,,YES,PASS
100100363,7737,64,63,0,1.0,PASS,,YES,PASS
100100364,7738,54,53,0,1.0,PASS,,YES,PASS
100100373,6101,25,24,0,1.0,PASS,,YES,PASS
100100383,8541,56,55,0,1.0,PASS,,YES,PASS
100100387,8774,59,58,0,1.0,PASS,,YES,PASS
100100389,9401,61,60,0,1.0,PASS,,YES,PASS
100100391,9404,60,59,0,1.0,PASS,,YES,PASS
100100392,9408,123,122,0,1.0,PASS,,YES,PASS
100100400,9707,78,77,0,1.0,PASS,,YES,PASS
100100407,240,122,121,0,1.0,PASS,,YES,PASS
100100409,421,113,112,0,1.0,PASS,,YES,PASS
100100410,502,132,131,0,1.0,PASS,,YES,PASS
100100412,6001,63,62,0,1.0,PASS,,YES,PASS
100100413,6002,69,68,0,1.0,PASS,,YES,PASS
100100414,6003,54,53,0,1.0,PASS,,YES,PASS
100100415,6004,38,37,0,1.0,PASS,,YES,PASS
100100416,6005,60,59,0,1.0,PASS,,YES,PASS
100100417,6008,57,56,0,1.0,PASS,,YES,PASS
100100418,6011,63,62,0,1.0,PASS,,YES,PASS
100100419,6012,61,60,0,1.0,PASS,,YES,PASS
100100420,6013,64,63,0,1.0,PASS,,YES,PASS
100100421,6014,57,56,0,1.0,PASS,,YES,PASS
100100422,6015,52,51,0,1.0,PASS,,YES,PASS
100100423,6016,63,62,0,1.0,PASS,,YES,PASS
100100425,1122,63,62,0,1.0,PASS,,YES,PASS
100100427,4319,78,77,0,1.0,PASS,,YES,PASS
100100437,771,102,101,0,1.0,PASS,,YES,PASS
100100438,3011,88,87,0,1.0,PASS,,YES,PASS
100100440,700,95,94,0,1.0,PASS,,YES,PASS
100100446,7025,71,70,0,1.0,PASS,,YES,PASS
100100447,7016,106,105,0,1.0,PASS,,YES,PASS
100100448,7013B,80,79,0,1.0,PASS,,YES,PASS
100100449,7013A,78,77,0,1.0,PASS,,YES,PASS
100100450,7011,79,78,0,1.0,PASS,,YES,PASS
100100451,6716,105,104,0,1.0,PASS,,YES,PASS
100100453,6613,81,80,0,1.0,PASS,,YES,PASS
100100454,361,95,94,0,1.0,PASS,,YES,PASS
100100459,440,95,94,0,1.0,PASS,,YES,PASS
100100462,7715,61,60,0,1.0,PASS,,YES,PASS
100100478,3317,42,41,0,1.0,PASS,,YES,PASS
100100495,672,80,79,0,1.0,PASS,,YES,PASS
100100496,333,103,102,0,1.0,PASS,,YES,PASS
100100497,653,56,55,0,1.0,PASS,,YES,PASS
100100498,3318,114,113,0,1.0,PASS,,YES,PASS
100100499,7212,143,142,0,1.0,PASS,,YES,PASS
100100500,4312,86,85,0,1.0,PASS,,YES,PASS
100100501,3319,57,56,0,1.0,PASS,,YES,PASS
100100506,6006,58,57,0,1.0,PASS,,YES,PASS
100100507,6009,75,74,0,1.0,PASS,,YES,PASS
100100508,6300,84,83,0,1.0,PASS,,YES,PASS
100100509,6020,57,56,0,1.0,PASS,,YES,PASS
100100511,760,101,100,0,1.0,PASS,,YES,PASS
100100513,6100,49,48,0,1.0,PASS,,YES,PASS
100100521,6515,112,111,0,1.0,PASS,,YES,PASS
100100522,2016,137,136,0,1.0,PASS,,YES,PASS
100100525,8772,28,27,0,1.0,PASS,,YES,PASS
100100533,6017,61,60,0,1.0,PASS,,YES,PASS
100100537,740,93,92,0,1.0,PASS,,YES,PASS
100100538,6018,59,58,0,1.0,PASS,,YES,PASS
100100549,100,122,121,0,1.0,PASS,,YES,PASS
100100550,662,75,74,0,1.0,PASS,,YES,PASS
100100551,673,104,103,0,1.0,PASS,,YES,PASS
100100552,7739,43,42,0,1.0,PASS,,YES,PASS
100100553,350,97,96,0,1.0,PASS,,YES,PASS
100100564,320,88,87,0,1.0,PASS,,YES,PASS
100100565,750B,76,75,0,1.0,PASS,,YES,PASS
100100566,1115,30,29,0,1.0,PASS,,YES,PASS
100100567,6701,41,40,0,1.0,PASS,,YES,PASS
100100570,6705A,56,55,0,1.0,PASS,,YES,PASS
100100572,6703,50,49,0,1.0,PASS,,YES,PASS
100100573,6702,59,58,0,1.0,PASS,,YES,PASS
100100574,541,123,122,0,1.0,PASS,,YES,PASS
100100576,6516,121,120,0,1.0,PASS,,YES,PASS
100100578,3321,74,73,0,1.0,PASS,,YES,PASS
100100579,3420,89,88,0,1.0,PASS,,YES,PASS
100100583,121,86,85,0,1.0,PASS,,YES,PASS
100100584,6010,71,70,0,1.0,PASS,,YES,PASS
100100585,N37,112,111,0,1.0,PASS,,YES,PASS
100100586,N26,134,133,0,1.0,PASS,,YES,PASS
100100587,705,67,66,0,1.0,PASS,,YES,PASS
100100588,N62,167,166,0,1.0,PASS,,YES,PASS
100100589,N61,188,187,0,1.0,PASS,,YES,PASS
100100591,N30,96,95,0,1.0,PASS,,YES,PASS
100100592,N16,132,131,0,1.0,PASS,,YES,PASS
100100593,N13,146,145,0,1.0,PASS,,YES,PASS
100100595,241,124,123,0,1.0,PASS,,YES,PASS
100100596,400,104,103,0,1.0,PASS,,YES,PASS
100100597,405,87,86,0,1.0,PASS,,YES,PASS
100100598,2115,108,107,0,1.0,PASS,,YES,PASS
100100599,2311,117,116,0,1.0,PASS,,YES,PASS
100100601,6640A,48,47,0,1.0,PASS,,YES,PASS
100100602,6640B,47,46,0,1.0,PASS,,YES,PASS
100100604,4211,74,73,0,1.0,PASS,,YES,PASS
100100605,463,95,94,0,1.0,PASS,,YES,PASS
100100607,9711,80,79,0,1.0,PASS,,YES,PASS
100100609,4425,109,108,0,1.0,PASS,,YES,PASS
100100610,N15,146,145,0,1.0,PASS,,YES,PASS
100100611,2312,105,104,0,1.0,PASS,,YES,PASS
100100612,3426,87,86,0,1.0,PASS,,YES,PASS
100100613,3322,61,60,0,1.0,PASS,,YES,PASS
100900002,종로13,36,35,0,1.0,PASS,,YES,PASS
100900003,종로09,19,18,0,1.0,PASS,,YES,PASS
100900004,종로07,20,19,0,1.0,PASS,,YES,PASS
100900005,종로08,31,30,0,1.0,PASS,,YES,PASS
100900006,종로01,22,21,0,1.0,PASS,,YES,PASS
100900007,종로11,20,19,0,1.0,PASS,,YES,PASS
100900008,종로02,27,26,0,1.0,PASS,,YES,PASS
100900009,종로12,16,15,0,1.0,PASS,,YES,PASS
100900010,종로03,30,29,0,1.0,PASS,,YES,PASS
100900011,종로05,28,27,0,1.0,PASS,,YES,PASS
100900012,서대문08,19,18,0,1.0,PASS,,YES,PASS
101000005,심야A21,44,43,0,1.0,PASS,,YES,PASS
101000006,상암A21,8,7,0,1.0,PASS,,YES,PASS
101000009,새벽A148,41,40,0,1.0,PASS,,YES,PASS
101000010,새벽A504,32,31,0,1.0,PASS,,YES,PASS
101900001,성동05,23,22,0,1.0,PASS,,YES,PASS
101900002,용산04,28,27,0,1.0,PASS,,YES,PASS
101900003,동작A01,12,11,0,1.0,PASS,,YES,PASS
102000001,서울07출근,9,8,0,1.0,PASS,,YES,PASS
102900001,마포01,39,38,0,1.0,PASS,,YES,PASS
102900002,용산02,36,35,0,1.0,PASS,,YES,PASS
102900003,용산01,19,18,0,1.0,PASS,,YES,PASS
102900004,용산03,32,31,0,1.0,PASS,,YES,PASS
103000001,8441,10,9,0,1.0,PASS,,YES,PASS
103000003,한강마곡,5,4,0,1.0,PASS,,YES,PASS
103000005,한강잠실,4,3,0,1.0,PASS,,YES,PASS
103900001,성동09,18,17,0,1.0,PASS,,YES,PASS
103900002,성동08,39,38,0,1.0,PASS,,YES,PASS
103900003,성동01,28,27,0,1.0,PASS,,YES,PASS
103900004,성동02,62,61,0,1.0,PASS,,YES,PASS
103900008,성동10,21,20,0,1.0,PASS,,YES,PASS
103900009,성동12,25,24,0,1.0,PASS,,YES,PASS
103900010,성동13,29,28,0,1.0,PASS,,YES,PASS
103900011,성동03-1,37,36,0,1.0,PASS,,YES,PASS
103900012,성동03-2,39,38,0,1.0,PASS,,YES,PASS
103900013,성동14,13,12,0,1.0,PASS,,YES,PASS
103900014,성동15,17,16,0,1.0,PASS,,YES,PASS
104000006,242,108,107,0,1.0,PASS,,YES,PASS
104000009,111,116,115,0,1.0,PASS,,YES,PASS
104000010,2416,88,87,0,1.0,PASS,,YES,PASS
104000011,N31,146,145,0,1.0,PASS,,YES,PASS
104000012,0411,95,94,0,1.0,PASS,,YES,PASS
104000013,3324,57,56,0,1.0,PASS,,YES,PASS
104000014,040,85,84,0,1.0,PASS,,YES,PASS
104900001,광진04,39,38,0,1.0,PASS,,YES,PASS
104900002,광진03,45,44,0,1.0,PASS,,YES,PASS
104900003,광진02,24,23,0,1.0,PASS,,YES,PASS
104900004,광진05,37,36,0,1.0,PASS,,YES,PASS
104900005,광진01,45,44,0,1.0,PASS,,YES,PASS
105900001,동대문05,36,35,0,1.0,PASS,,YES,PASS
105900002,동대문02,21,20,0,1.0,PASS,,YES,PASS
105900003,동대문01,6,5,0,1.0,PASS,,YES,PASS
105900004,성북20,37,36,0,1.0,PASS,,YES,PASS
105900005,성북21,36,35,0,1.0,PASS,,YES,PASS
105900006,동대문03,22,21,0,1.0,PASS,,YES,PASS
106000001,8221,15,14,0,1.0,PASS,,YES,PASS
106000004,01B,15,12,2,0.857143,FAIL,no connected car route from the candidate graph nodes,NO,FAIL
106000005,서울07퇴근,9,8,0,1.0,PASS,,YES,PASS
106000006,8442퇴근,15,14,0,1.0,PASS,,YES,PASS
106000007,8333,26,25,0,1.0,PASS,,YES,PASS
106900001,중랑01,18,17,0,1.0,PASS,,YES,PASS
106900002,중랑02,26,25,0,1.0,PASS,,YES,PASS
107000001,1116,30,29,0,1.0,PASS,,YES,PASS
107000002,343,69,68,0,1.0,PASS,,YES,PASS
107000003,8002,12,11,0,1.0,PASS,,YES,PASS
107000004,8003,27,26,0,1.0,PASS,,YES,PASS
107000005,9409,87,86,0,1.0,PASS,,YES,PASS
107000006,서울01출근,11,10,0,1.0,PASS,,YES,PASS
107000007,1112,62,61,0,1.0,PASS,,YES,PASS
107000008,422,116,115,0,1.0,PASS,,YES,PASS
107000009,8111,30,29,0,1.0,PASS,,YES,PASS
107000010,서울01퇴근,12,11,0,1.0,PASS,,YES,PASS
107900001,성북13,25,24,0,1.0,PASS,,YES,PASS
107900002,성북03,30,29,0,1.0,PASS,,YES,PASS
107900003,성북02,38,37,0,1.0,PASS,,YES,PASS
107900004,성북12,30,29,0,1.0,PASS,,YES,PASS
107900005,성북04,29,28,0,1.0,PASS,,YES,PASS
107900006,성북09,23,22,0,1.0,PASS,,YES,PASS
107900007,성북08,19,18,0,1.0,PASS,,YES,PASS
107900008,성북01,31,30,0,1.0,PASS,,YES,PASS
107900009,성북22,23,22,0,1.0,PASS,,YES,PASS
107900010,성북14-1,22,21,0,1.0,PASS,,YES,PASS
107900011,성북05,11,10,0,1.0,PASS,,YES,PASS
107900012,성북06,29,28,0,1.0,PASS,,YES,PASS
107900013,성북07,13,12,0,1.0,PASS,,YES,PASS
107900015,성북15,17,16,0,1.0,PASS,,YES,PASS
107900016,성북14-2,18,17,0,1.0,PASS,,YES,PASS
107900018,성북10,34,33,0,1.0,PASS,,YES,PASS
108000001,8551,24,23,0,1.0,PASS,,YES,PASS
108000002,1167,51,50,0,1.0,PASS,,YES,PASS
108900001,강북11,50,49,0,1.0,PASS,,YES,PASS
108900002,강북02,32,31,0,1.0,PASS,,YES,PASS
108900003,강북03,25,24,0,1.0,PASS,,YES,PASS
108900004,강북09,52,51,0,1.0,PASS,,YES,PASS
108900005,강북04,25,24,0,1.0,PASS,,YES,PASS
108900006,강북01,36,35,0,1.0,PASS,,YES,PASS
108900007,강북06,36,35,0,1.0,PASS,,YES,PASS
108900008,강북05,40,39,0,1.0,PASS,,YES,PASS
108900009,강북10,31,30,0,1.0,PASS,,YES,PASS
108900010,도봉02,31,30,0,1.0,PASS,,YES,PASS
108900012,강북12,17,16,0,1.0,PASS,,YES,PASS
108900013,강북08,16,15,0,1.0,PASS,,YES,PASS
108900014,서대문15,25,24,0,1.0,PASS,,YES,PASS
109000002,서울05출근,9,8,0,1.0,PASS,,YES,PASS
109000003,서울10출근,8,7,0,1.0,PASS,,YES,PASS
109000004,서울05퇴근,9,8,0,1.0,PASS,,YES,PASS
109000005,서울06퇴근,11,10,0,1.0,PASS,,YES,PASS
109000006,서울10퇴근,8,7,0,1.0,PASS,,YES,PASS
109900001,도봉01,39,38,0,1.0,PASS,,YES,PASS
109900002,도봉07,32,31,0,1.0,PASS,,YES,PASS
109900003,도봉06,28,27,0,1.0,PASS,,YES,PASS
109900004,도봉05,37,36,0,1.0,PASS,,YES,PASS
109900005,도봉09,54,53,0,1.0,PASS,,YES,PASS
109900006,도봉08,45,44,0,1.0,PASS,,YES,PASS
109900007,도봉03,20,19,0,1.0,PASS,,YES,PASS
109900008,도봉04,18,17,0,1.0,PASS,,YES,PASS
109900010,노원15,82,81,0,1.0,PASS,,YES,PASS
109900011,노원14,66,65,0,1.0,PASS,,YES,PASS
110000002,173,112,111,0,1.0,PASS,,YES,PASS
110000004,8146,135,134,0,1.0,PASS,,YES,PASS
110000005,8101,55,54,0,1.0,PASS,,YES,PASS
110000006,8112,26,25,0,1.0,PASS,,YES,PASS
110000007,서울09출근,14,13,0,1.0,PASS,,YES,PASS
110000008,서울09퇴근,14,13,0,1.0,PASS,,YES,PASS
110000009,2155,71,70,0,1.0,PASS,,YES,PASS
110900002,노원11,29,28,0,1.0,PASS,,YES,PASS
110900003,노원05,31,30,0,1.0,PASS,,YES,PASS
110900004,노원01,13,12,0,1.0,PASS,,YES,PASS
110900005,노원03,33,32,0,1.0,PASS,,YES,PASS
110900006,노원09,36,35,0,1.0,PASS,,YES,PASS
110900007,노원08,26,25,0,1.0,PASS,,YES,PASS
110900009,노원02,46,45,0,1.0,PASS,,YES,PASS
111000008,674,58,57,0,1.0,PASS,,YES,PASS
111000009,8771,12,11,0,1.0,PASS,,YES,PASS
111000010,7734,98,97,0,1.0,PASS,,YES,PASS
111000014,761,83,82,0,1.0,PASS,,YES,PASS
111000016,N75,176,175,0,1.0,PASS,,YES,PASS
111000017,N72,170,169,0,1.0,PASS,,YES,PASS
111000019,2236,86,85,0,1.0,PASS,,YES,PASS
111000020,서울03출근,7,6,0,1.0,PASS,,YES,PASS
111000021,서울04출근,13,12,0,1.0,PASS,,YES,PASS
111000022,707,126,125,0,1.0,PASS,,YES,PASS
111000023,서울08출근,13,12,0,1.0,PASS,,YES,PASS
111000024,서울03퇴근,7,6,0,1.0,PASS,,YES,PASS
111000025,서울04퇴근,12,11,0,1.0,PASS,,YES,PASS
111000026,서울08퇴근,13,12,0,1.0,PASS,,YES,PASS
111000027,706,64,63,0,1.0,PASS,,YES,PASS
111000028,709,69,68,0,1.0,PASS,,YES,PASS
111000029,8775퇴근,24,23,0,1.0,PASS,,YES,PASS
111900003,은평02,36,35,0,1.0,PASS,,YES,PASS
111900004,은평04,25,24,0,1.0,PASS,,YES,PASS
111900005,은평05,34,33,0,1.0,PASS,,YES,PASS
111900006,은평07,14,13,0,1.0,PASS,,YES,PASS
111900007,은평06,20,19,0,1.0,PASS,,YES,PASS
111900009,은평09,26,25,0,1.0,PASS,,YES,PASS
111900010,은평10,19,18,0,1.0,PASS,,YES,PASS
111900011,은평08-1,23,22,0,1.0,PASS,,YES,PASS
111900012,은평08-2,26,25,0,1.0,PASS,,YES,PASS
111900014,은평03-1,22,21,0,1.0,PASS,,YES,PASS
111900015,은평03-2,14,13,0,1.0,PASS,,YES,PASS
112000001,8777,18,17,0,1.0,PASS,,YES,PASS
112000003,8773출근,76,75,0,1.0,PASS,,YES,PASS
112000005,7716,45,44,0,1.0,PASS,,YES,PASS
112000006,8762퇴근,15,14,0,1.0,PASS,,YES,PASS
112000007,8773퇴근,76,75,0,1.0,PASS,,YES,PASS
112900001,서대문10,24,23,0,1.0,PASS,,YES,PASS
112900002,서대문12,19,18,0,1.0,PASS,,YES,PASS
112900003,서대문07,23,22,0,1.0,PASS,,YES,PASS
112900004,서대문03,29,28,0,1.0,PASS,,YES,PASS
112900005,서대문13,32,31,0,1.0,PASS,,YES,PASS
112900006,서대문11,36,35,0,1.0,PASS,,YES,PASS
112900007,서대문06,26,25,0,1.0,PASS,,YES,PASS
112900008,서대문14,21,20,0,1.0,PASS,,YES,PASS
112900009,서대문05,26,25,0,1.0,PASS,,YES,PASS
112900010,서대문01,20,19,0,1.0,PASS,,YES,PASS
112900011,서대문04,26,25,0,1.0,PASS,,YES,PASS
112900012,서대문09대,12,11,0,1.0,PASS,,YES,PASS
112900013,서대문09소,17,16,0,1.0,PASS,,YES,PASS
112900014,서대문02대,43,42,0,1.0,PASS,,YES,PASS
112900015,서대문02소,18,17,0,1.0,PASS,,YES,PASS
113000002,452,127,126,0,1.0,PASS,,YES,PASS
113000003,8762출근,15,14,0,1.0,PASS,,YES,PASS
113000004,9401-1,19,18,0,1.0,PASS,,YES,PASS
113000005,서울06출근,11,10,0,1.0,PASS,,YES,PASS
113000006,마포순환열차버스,19,18,0,1.0,PASS,,YES,PASS
113000007,8775출근,24,23,0,1.0,PASS,,YES,PASS
113900001,마포17,14,13,0,1.0,PASS,,YES,PASS
113900002,마포03,19,18,0,1.0,PASS,,YES,PASS
113900003,마포12,25,24,0,1.0,PASS,,YES,PASS
113900004,마포11,25,24,0,1.0,PASS,,YES,PASS
113900005,마포02,17,16,0,1.0,PASS,,YES,PASS
113900007,마포13,33,32,0,1.0,PASS,,YES,PASS
113900008,마포10,25,24,0,1.0,PASS,,YES,PASS
113900009,마포16,40,39,0,1.0,PASS,,YES,PASS
113900010,마포07,32,31,0,1.0,PASS,,YES,PASS
113900011,마포05,11,10,0,1.0,PASS,,YES,PASS
113900012,마포06,34,33,0,1.0,PASS,,YES,PASS
113900013,마포08,53,52,0,1.0,PASS,,YES,PASS
113900014,마포15,42,41,0,1.0,PASS,,YES,PASS
113900015,마포09,42,41,0,1.0,PASS,,YES,PASS
113900016,마포18,24,23,0,1.0,PASS,,YES,PASS
113900017,마포18-1,20,19,0,1.0,PASS,,YES,PASS
114000002,8641,117,116,0,1.0,PASS,,YES,PASS
114000003,8671,31,30,0,1.0,PASS,,YES,PASS
114900001,양천01,35,34,0,1.0,PASS,,YES,PASS
114900002,양천02,38,37,0,1.0,PASS,,YES,PASS
114900003,양천03,56,55,0,1.0,PASS,,YES,PASS
114900004,관악11,16,15,0,1.0,PASS,,YES,PASS
114900005,영등포13,23,22,0,1.0,PASS,,YES,PASS
114900006,영등포12,27,26,0,1.0,PASS,,YES,PASS
115000005,6648,77,76,0,1.0,PASS,,YES,PASS
115000006,6019,62,61,0,1.0,PASS,,YES,PASS
115000007,654,103,102,0,1.0,PASS,,YES,PASS
115000009,N6002,27,26,0,1.0,PASS,,YES,PASS
115000010,N64,166,165,0,1.0,PASS,,YES,PASS
115000011,서울02출근,7,6,0,1.0,PASS,,YES,PASS
115000012,6633,93,92,0,1.0,PASS,,YES,PASS
115000013,서울02퇴근,7,6,0,1.0,PASS,,YES,PASS
115000014,6611,36,35,0,1.0,PASS,,YES,PASS
115900001,강서04,30,29,0,1.0,PASS,,YES,PASS
115900002,강서06,38,37,0,1.0,PASS,,YES,PASS
115900003,강서02,49,48,0,1.0,PASS,,YES,PASS
115900004,강서03,71,70,0,1.0,PASS,,YES,PASS
115900005,강서05,72,71,0,1.0,PASS,,YES,PASS
115900006,강서01,41,40,0,1.0,PASS,,YES,PASS
115900007,강서07,39,38,0,1.0,PASS,,YES,PASS
115900008,강서05-1,15,14,0,1.0,PASS,,YES,PASS
116000001,8552,12,11,0,1.0,PASS,,YES,PASS
116000002,6615,43,42,0,1.0,PASS,,YES,PASS
116000004,660,101,100,0,1.0,PASS,,YES,PASS
116000005,8561,24,23,0,1.0,PASS,,YES,PASS
116000006,703,116,115,0,1.0,PASS,,YES,PASS
116900001,구로13,13,12,0,1.0,PASS,,YES,PASS
116900002,구로12,17,16,0,1.0,PASS,,YES,PASS
116900003,구로10,28,27,0,1.0,PASS,,YES,PASS
116900004,구로11,41,40,0,1.0,PASS,,YES,PASS
116900005,구로14,30,29,0,1.0,PASS,,YES,PASS
116900006,구로07,46,45,0,1.0,PASS,,YES,PASS
116900007,구로09,53,52,0,1.0,PASS,,YES,PASS
116900008,영등포01,45,44,0,1.0,PASS,,YES,PASS
116900009,구로05,36,35,0,1.0,PASS,,YES,PASS
116900010,구로03,12,11,0,1.0,PASS,,YES,PASS
116900011,구로04,34,33,0,1.0,PASS,,YES,PASS
116900012,구로06,27,26,0,1.0,PASS,,YES,PASS
116900013,구로01,20,19,0,1.0,PASS,,YES,PASS
116900014,구로02,20,19,0,1.0,PASS,,YES,PASS
116900015,구로08,27,26,0,1.0,PASS,,YES,PASS
116900016,구로15,22,21,0,1.0,PASS,,YES,PASS
116900017,영등포09,27,26,0,1.0,PASS,,YES,PASS
116900018,양천04,34,33,0,1.0,PASS,,YES,PASS
117000002,N51,162,161,0,1.0,PASS,,YES,PASS
117900001,금천05,39,38,0,1.0,PASS,,YES,PASS
117900002,금천04,29,28,0,1.0,PASS,,YES,PASS
117900003,금천03,31,30,0,1.0,PASS,,YES,PASS
117900004,금천06,46,45,0,1.0,PASS,,YES,PASS
117900005,금천08,43,42,0,1.0,PASS,,YES,PASS
117900006,금천02,36,35,0,1.0,PASS,,YES,PASS
117900007,금천07,49,48,0,1.0,PASS,,YES,PASS
117900008,금천01,30,29,0,1.0,PASS,,YES,PASS
117900010,금천11,35,34,0,1.0,PASS,,YES,PASS
117900012,금천11-1,25,24,0,1.0,PASS,,YES,PASS
118900001,영등포04,38,37,0,1.0,PASS,,YES,PASS
118900002,영등포07,28,27,0,1.0,PASS,,YES,PASS
118900003,영등포06,29,28,0,1.0,PASS,,YES,PASS
118900004,영등포02,36,35,0,1.0,PASS,,YES,PASS
118900005,영등포03,26,25,0,1.0,PASS,,YES,PASS
118900006,영등포05,42,41,0,1.0,PASS,,YES,PASS
118900007,영등포08,16,15,0,1.0,PASS,,YES,PASS
118900008,영등포10,13,12,0,1.0,PASS,,YES,PASS
118900009,영등포11,10,9,0,1.0,PASS,,YES,PASS
119900001,동작20,19,18,0,1.0,PASS,,YES,PASS
119900002,서초06,17,16,0,1.0,PASS,,YES,PASS
119900003,서초05,12,11,0,1.0,PASS,,YES,PASS
119900004,서초17,39,38,0,1.0,PASS,,YES,PASS
119900005,서초16,23,22,0,1.0,PASS,,YES,PASS
119900006,동작10,28,27,0,1.0,PASS,,YES,PASS
119900007,동작01,43,42,0,1.0,PASS,,YES,PASS
119900008,동작19,27,26,0,1.0,PASS,,YES,PASS
119900009,동작08,36,35,0,1.0,PASS,,YES,PASS
119900010,동작15,22,21,0,1.0,PASS,,YES,PASS
119900011,동작11,36,35,0,1.0,PASS,,YES,PASS
119900012,동작14,25,24,0,1.0,PASS,,YES,PASS
119900013,동작02,34,33,0,1.0,PASS,,YES,PASS
119900014,동작06,21,20,0,1.0,PASS,,YES,PASS
119900015,동작18,20,19,0,1.0,PASS,,YES,PASS
119900016,동작17,24,23,0,1.0,PASS,,YES,PASS
119900017,동작16,20,19,0,1.0,PASS,,YES,PASS
119900018,동작07,20,19,0,1.0,PASS,,YES,PASS
119900019,동작09,12,11,0,1.0,PASS,,YES,PASS
119900020,동작03,35,34,0,1.0,PASS,,YES,PASS
119900021,동작12,26,25,0,1.0,PASS,,YES,PASS
119900022,동작05,41,40,0,1.0,PASS,,YES,PASS
119900023,동작05-1,21,20,0,1.0,PASS,,YES,PASS
119900024,동작21,32,31,0,1.0,PASS,,YES,PASS
120000003,8661,12,11,0,1.0,PASS,,YES,PASS
120900001,동작13,57,56,0,1.0,PASS,,YES,PASS
120900002,관악10,29,28,0,1.0,PASS,,YES,PASS
120900003,관악03,22,21,0,1.0,PASS,,YES,PASS
120900004,관악06,28,27,0,1.0,PASS,,YES,PASS
120900005,관악01,29,28,0,1.0,PASS,,YES,PASS
120900006,관악07,10,9,0,1.0,PASS,,YES,PASS
120900007,관악08,37,36,0,1.0,PASS,,YES,PASS
120900009,관악04,27,26,0,1.0,PASS,,YES,PASS
120900010,관악05,21,20,0,1.0,PASS,,YES,PASS
120900011,관악02-1,39,38,0,1.0,PASS,,YES,PASS
120900012,관악02-2,34,33,0,1.0,PASS,,YES,PASS
121000002,8442출근,15,14,0,1.0,PASS,,YES,PASS
121900001,서초21,50,49,0,1.0,PASS,,YES,PASS
121900002,서초08,32,31,0,1.0,PASS,,YES,PASS
121900003,서초10,39,38,0,1.0,PASS,,YES,PASS
121900004,서초20,39,38,0,1.0,PASS,,YES,PASS
121900005,서초03,29,28,0,1.0,PASS,,YES,PASS
121900006,서초11,37,36,0,1.0,PASS,,YES,PASS
121900007,서초09,47,46,0,1.0,PASS,,YES,PASS
121900008,서초02,28,27,0,1.0,PASS,,YES,PASS
121900009,서초01,17,16,0,1.0,PASS,,YES,PASS
121900010,서초14,34,33,0,1.0,PASS,,YES,PASS
121900011,서초07,21,20,0,1.0,PASS,,YES,PASS
121900012,서초15,38,37,0,1.0,PASS,,YES,PASS
121900013,서초13,51,50,0,1.0,PASS,,YES,PASS
121900014,서초22,12,11,0,1.0,PASS,,YES,PASS
121900015,서초18-1,35,34,0,1.0,PASS,,YES,PASS
121900016,서초18,45,44,0,1.0,PASS,,YES,PASS
122000001,4435,56,55,0,1.0,PASS,,YES,PASS
122000002,6102,42,41,0,1.0,PASS,,YES,PASS
122000004,N6701,36,35,0,1.0,PASS,,YES,PASS
122000006,N6703,43,42,0,1.0,PASS,,YES,PASS
122000011,6104,22,21,0,1.0,PASS,,YES,PASS
122000012,6100-1,49,48,0,1.0,PASS,,YES,PASS
122900001,강남07,46,45,0,1.0,PASS,,YES,PASS
122900002,강남05,45,44,0,1.0,PASS,,YES,PASS
122900003,강남01,34,33,0,1.0,PASS,,YES,PASS
122900004,강남03,33,32,0,1.0,PASS,,YES,PASS
122900005,강남06,46,45,0,1.0,PASS,,YES,PASS
122900006,강남02,25,24,0,1.0,PASS,,YES,PASS
122900007,강남06-1,24,23,0,1.0,PASS,,YES,PASS
122900008,강남08,27,26,0,1.0,PASS,,YES,PASS
122900009,강남10,43,42,0,1.0,PASS,,YES,PASS
122900010,강남06-2,24,23,0,1.0,PASS,,YES,PASS
123000002,6600,41,40,0,1.0,PASS,,YES,PASS
123000010,741,95,94,0,1.0,PASS,,YES,PASS
123000011,708,62,61,0,1.0,PASS,,YES,PASS
123000013,N73,159,158,0,1.0,PASS,,YES,PASS
123000014,6500,22,21,0,1.0,PASS,,YES,PASS
123000021,한강버스(동부압구정),9,6,2,0.75,FAIL,"no car graph node within 250.0m of (37.529, 126.9346389)",NO,FAIL
123000023,한강버스(서부),5,2,2,0.5,FAIL,"no car graph node within 250.0m of (37.529, 126.9346389)",NO,FAIL
123000024,한강버스(동부옥수),9,6,2,0.75,FAIL,"no car graph node within 250.0m of (37.529, 126.9346389)",NO,FAIL
123900001,송파01,28,27,0,1.0,PASS,,YES,PASS
123900002,송파02,31,30,0,1.0,PASS,,YES,PASS
123900003,송파03,22,21,0,1.0,PASS,,YES,PASS
124000006,6200,73,72,0,1.0,PASS,,YES,PASS
124000008,7719,33,32,0,1.0,PASS,,YES,PASS
124000010,8331,14,13,0,1.0,PASS,,YES,PASS
124000013,6103,49,48,0,1.0,PASS,,YES,PASS
124000014,6007,46,45,0,1.0,PASS,,YES,PASS
124000016,N6000,22,21,0,1.0,PASS,,YES,PASS
124000036,345,87,86,0,1.0,PASS,,YES,PASS
124000038,342,111,110,0,1.0,PASS,,YES,PASS
124000039,3323,78,77,0,1.0,PASS,,YES,PASS
124000040,8332,31,30,0,1.0,PASS,,YES,PASS
124900001,강동05,82,81,0,1.0,PASS,,YES,PASS
124900002,강동01,79,78,0,1.0,PASS,,YES,PASS
124900003,강동02,92,91,0,1.0,PASS,,YES,PASS
